"first_name","middle_name","last_name","full_name","gender"
"peter","","aaby","peter aaby","m"
"shawn","","aaron","shawn aaron","m"
"kevin","","abbott","kevin abbott","m"
"salim","","abdulla","salim abdulla","m"
"corine","","aboa-eboulé","corine aboa-eboulé","f"
"ahmed","","abou-setta","ahmed abou-setta","m"
"william","","abraham","william abraham","m"
"bo","","abrahamsen","bo abrahamsen","m"
"donald","","abrams","donald abrams","m"
"nancy","","aburto","nancy aburto","f"
"jane","ruth","aceng","jane ruth aceng","f"
"linda","","adair","linda adair","f"
"soheir","","adam","soheir adam","m"
"alyce","","adams","alyce adams","f"
"giovanni","","addolorato","giovanni addolorato","m"
"neill","","adhikari","neill adhikari","m"
"dwomoa","","adu","dwomoa adu","u"
"walter","","ageno","walter ageno","m"
"giancarlo","","agnelli","giancarlo agnelli","m"
"martin","","ahlgren","martin ahlgren","m"
"jiyoung","","ahn","jiyoung ahn","f"
"alexander","","aiken","alexander aiken","m"
"agneta","","akesson","agneta akesson","f"
"christine","","albert","christine albert","f"
"svenja","","albrecht","svenja albrecht","f"
"thomas","","aldrich","thomas aldrich","m"
"melissa","","aldridge","melissa aldridge","f"
"berthe","","aleman","berthe aleman","f"
"erik","","alexander","erik alexander","m"
"lorraine","niño","alexander","lorraine niño alexander","f"
"richard","","alexander","richard alexander","m"
"","caleb","alexander"," caleb alexander","m"
"graziella","badin","aliti","graziella badin aliti","f"
"sana","","al-khatib","sana al-khatib","f"
"stephen","","allen","stephen allen","m"
"richard","","allen","richard allen","m"
"christopher","","almond","christopher almond","m"
"pedro","","alonso","pedro alonso","m"
"sharif","","al-ruzzeh","sharif al-ruzzeh","m"
"fernando","","althabe","fernando althabe","m"
"daniel","","altman","daniel altman","m"
"francisco","","alvarez-blasco","francisco alvarez-blasco","m"
"amit","","amin","amit amin","m"
"peter","","ammann","peter ammann","m"
"katherine","","anagnostou","katherine anagnostou","f"
"sudhir","","anand","sudhir anand","m"
"cande","","ananth","cande ananth","m"
"kathryn","","anastos","kathryn anastos","f"
"johan","hviid","andersen","johan hviid andersen","m"
"gerard","","anderson","gerard anderson","m"
"monique","","anderson","monique anderson","f"
"jason","","andrews","jason andrews","m"
"joão","","anselmo","joão anselmo","m"
"kevin","","anstrom","kevin anstrom","m"
"nicholas","","anthonisen","nicholas anthonisen","m"
"antonella","","d'arminio monforte","antonella d'arminio monforte","m"
"tony","","antoniou","tony antoniou","m"
"latifat","","apatira","latifat apatira","f"
"christian","","apfel","christian apfel","m"
"lawrence","","appel","lawrence appel","m"
"andre","","araujo","andre araujo","m"
"diego","","ardissino","diego ardissino","m"
"james","","armitage","james armitage","m"
"katrina","","armstrong","katrina armstrong","f"
"paul","","armstrong","paul armstrong","m"
"bertrand","","arnulf","bertrand arnulf","m"
"sanjeev","","arora","sanjeev arora","m"
"adelaide","","arruda-olson","adelaide arruda-olson","f"
"bjørn","","asvold","bjørn asvold","m"
"robert","","atmar","robert atmar","m"
"alexandra","","aubry","alexandra aubry","f"
"","wady","aude"," wady aude","m"
"reto","","auer","reto auer","m"
"andrew","","auerbach","andrew auerbach","m"
"philippe","","autier","philippe autier","m"
"liat","","ayalon","liat ayalon","f"
"henk-jan","","baarslag","henk-jan baarslag","m"
"mohan","","babapulle","mohan babapulle","m"
"ambika","","babu","ambika babu","f"
"filip","","baert","filip baert","m"
"laura","","baglietto","laura baglietto","f"
"hossein","","bahrami","hossein bahrami","m"
"","amos","bailey"," amos bailey","m"
"william","","baker","william baker","m"
"michael","","baker","michael baker","m"
"tracy","","balboni","tracy balboni","f"
"carol","","baldwin","carol baldwin","f"
"ethan","","balk","ethan balk","m"
"rob","","baltussen","rob baltussen","m"
"heejung","","bang","heejung bang","f"
"raveendhara","","bannuru","raveendhara bannuru","u"
"jessica","","banthin","jessica banthin","f"
"selina","","banu","selina banu","f"
"robert","","barclay","robert barclay","m"
"aditya","","bardia","aditya bardia","f"
"aileen","","barnes","aileen barnes","f"
"janice","","barnhart","janice barnhart","f"
"","graham","barr"," graham barr","m"
"ben","","barr","ben barr","m"
"josé","augusto","barreto-filho","josé augusto barreto-filho","m"
"bruce","","barrett","bruce barrett","m"
"elizabeth","","barrett-connor","elizabeth barrett-connor","f"
"alon","","barsheshet","alon barsheshet","m"
"jeffrey","","barsuk","jeffrey barsuk","m"
"bradley","","bart","bradley bart","m"
"geertje","","bartelds","geertje bartelds","f"
"pelham","","barton","pelham barton","m"
"ezra","","barzilay","ezra barzilay","m"
"josé","","baselga","josé baselga","m"
"lori","","bash","lori bash","f"
"sanjay","","basu","sanjay basu","m"
"shannon","","bates","shannon bates","f"
"michael","","bates","michael bates","m"
"pelin","","batur","pelin batur","f"
"tim","","bauer","tim bauer","m"
"jerry","","bauman","jerry bauman","m"
"liesbeth","","bax","liesbeth bax","f"
"antoni","","bayes-genis","antoni bayes-genis","m"
"lydia","","bazzano","lydia bazzano","f"
"michael","","becker","michael becker","m"
"david","","becker","david becker","m"
"paula","","bednarek","paula bednarek","f"
"george","","bedu-addo","george bedu-addo","m"
"colin","","begg","colin begg","m"
"philip","","bejon","philip bejon","m"
"chaim","","bell","chaim bell","m"
"keith","","bellizzi","keith bellizzi","m"
"eran","","bendavid","eran bendavid","m"
"iddo","","ben-dov","iddo ben-dov","m"
"gary","","bennett","gary bennett","m"
"elliott","","bennett-guerrero","elliott bennett-guerrero","m"
"amirta","","benning","amirta benning","f"
"john","","benson","john benson","m"
"stephen","","bent","stephen bent","m"
"shirley","","beresford","shirley beresford","f"
"rolf","","berger","rolf berger","m"
"david","","bergqvist","david bergqvist","u"
"robert","","berkowitz","robert berkowitz","m"
"brian","","berman","brian berman","m"
"enrico","","bernardi","enrico bernardi","m"
"sasha","","bernatsky","sasha bernatsky","f"
"","elizabeth","bernstein"," elizabeth bernstein","f"
"amy","","berrington de gonzález","amy berrington de gonzález","f"
"donald","","berry","donald berry","m"
"daniel","","bertges","daniel bertges","m"
"john","","beshai","john beshai","m"
"nita","","bhandari","nita bhandari","f"
"deepak","","bhatt","deepak bhatt","m"
"ami","","bhatt","ami bhatt","f"
"james","","biagi","james biagi","m"
"karl","","bilimoria","karl bilimoria","m"
"john","","billings","john billings","m"
"andrew","","bindman","andrew bindman","m"
"edmund","","bini","edmund bini","m"
"john","","birkmeyer","john birkmeyer","m"
"hans","","bisgaard","hans bisgaard","m"
"heike","","bischoff-ferrari","heike bischoff-ferrari","f"
"lena","","björck","lena björck","f"
"dennis","","black","dennis black","m"
"jan","","blankensteijn","jan blankensteijn","m"
"alessandro","","ble","alessandro ble","m"
"hannah","","blencowe","hannah blencowe","f"
"robert","","blendon","robert blendon","m"
"geoffrey","","block","geoffrey block","m"
"jeanet","","blom","jeanet blom","f"
"fiona","","turnbull","fiona turnbull","f"
"cinnamon","","bloss","cinnamon bloss","f"
"stijn","","blot","stijn blot","m"
"david","","bluemke","david bluemke","m"
"william","","boden","william boden","m"
"maaike","","de boer","maaike de boer","f"
"mike","","boggild","mike boggild","m"
"nancy","","ter bogt","nancy ter bogt","f"
"michael","","boland","michael boland","m"
"nienke","","bolk","nienke bolk","f"
"michel","","bolla","michel bolla","m"
"yvonne","","bombard","yvonne bombard","f"
"kaare","harald","bønaa","kaare harald bønaa","u"
"valérie","","bonadona","valérie bonadona","f"
"james","","bonner","james bonner","m"
"ronald","","booth","ronald booth","m"
"suresh","","boppana","suresh boppana","m"
"ann","","borzecki","ann borzecki","f"
"michael","","bosse","michael bosse","m"
"georg","","bosshard","georg bosshard","m"
"sophie","","bostock","sophie bostock","f"
"emmanuel","","bottieau","emmanuel bottieau","m"
"judy","","boughey","judy boughey","f"
"","ebony","boulware"," ebony boulware","f"
"fabienne","","bourgeois","fabienne bourgeois","f"
"homer","","boushey","homer boushey","m"
"marie-germaine","","bousser","marie-germaine bousser","m"
"florent","","boutitie","florent boutitie","m"
"mark","","bower","mark bower","m"
"allison","","brashear","allison brashear","f"
"simona","","bratu","simona bratu","f"
"carmen","","brauer","carmen brauer","f"
"hermann","","brenner","hermann brenner","m"
"lizzy","","brewster","lizzy brewster","f"
"pierre-olivier","","bridevaux","pierre-olivier bridevaux","m"
"becky","","briesacher","becky briesacher","f"
"benno","","brinkhaus","benno brinkhaus","m"
"jesper","","brok","jesper brok","m"
"","alan","brookhart"," alan brookhart","m"
"josiane","","broussard","josiane broussard","f"
"margaret","","brousseau","margaret brousseau","f"
"ingeborg","","brouwer","ingeborg brouwer","f"
"jeremy","","brown","jeremy brown","m"
"linda","","brubaker","linda brubaker","f"
"wendy","","bruening","wendy bruening","f"
"jasper","","brugts","jasper brugts","m"
"frank","","brunkhorst","frank brunkhorst","m"
"jennifer","","bryce","jennifer bryce","f"
"heiner","","bucher","heiner bucher","m"
"aron","","buchman","aron buchman","m"
"henry","","buchwald","henry buchwald","m"
"brian","","buijsse","brian buijsse","m"
"aumphornpun","","buavirat","aumphornpun buavirat","f"
"harry","","büller","harry büller","m"
"charles","","burant","charles burant","m"
"gerd","","burmester","gerd burmester","m"
"john","","burn","john burn","m"
"matthew","","burton","matthew burton","m"
"dale","","burwen","dale burwen","m"
"christopher","","butler","christopher butler","m"
"adeel","","butt","adeel butt","m"
"debra","","butt","debra butt","f"
"jim","","buttery","jim buttery","m"
"jill","","buyon","jill buyon","f"
"saundra","","buys","saundra buys","f"
"robert","","byrne","robert byrne","m"
"pietro","","caironi","pietro caironi","m"
"amy","","calabrese","amy calabrese","f"
"minal","","calışkan","minal calışkan","m"
"guy","","van camp","guy van camp","m"
"christopher","","cannon","christopher cannon","m"
"chris","","cardwell","chris cardwell","m"
"iain","","carey","iain carey","m"
"yehuda","","carmeli","yehuda carmeli","m"
"mercedes","","carnethon","mercedes carnethon","f"
"jordi","","carratalà","jordi carratalà","m"
"margaret","","carroll","margaret carroll","f"
"gregory","","carter","gregory carter","m"
"barry","","carter","barry carter","m"
"aleesa","","carter","aleesa carter","f"
"nicole","","casadevall","nicole casadevall","f"
"michael","","casaer","michael casaer","m"
"lawrence","","casalino","lawrence casalino","m"
"jackie","","cassell","jackie cassell","f"
"xavier","","castellsagué","xavier castellsagué","m"
"","xavier","castellanos"," xavier castellanos","m"
"philip","","castle","philip castle","m"
"victor","","castro","victor castro","m"
"aaron","","caughey","aaron caughey","m"
"jane","","cauley","jane cauley","f"
"joanne","","cecil","joanne cecil","f"
"usha","","chakravarthy","usha chakravarthy","f"
"eliza","","chakravarty","eliza chakravarty","f"
"naga","","chalasani","naga chalasani","m"
"melanie","","chalder","melanie chalder","f"
"christina","","chambers","christina chambers","f"
"henry","lik-yuen","chan","henry lik-yuen chan","m"
"an-wen","","chan","an-wen chan","m"
"andrew","","chan","andrew chan","m"
"paul","","chan","paul chan","m"
"kit","yee","chan","kit yee chan","f"
"juliana","","chan","juliana chan","f"
"patricia","","chang","patricia chang","f"
"ranee","","chatterjee","ranee chatterjee","f"
"samena","","chaudhry","samena chaudhry","f"
"sarwat","","chaudhry","sarwat chaudhry","f"
"chi-ling","","chen","chi-ling chen","u"
"yu","","chen","yu chen","f"
"lena","","chen","lena chen","f"
"mark","","chen","mark chen","m"
"jin-shing","","chen","jin-shing chen","m"
"bao-quan","","cheng","bao-quan cheng","m"
"alexander","","chester","alexander chester","m"
"helen","","chew","helen chew","f"
"helen","","cheyne","helen cheyne","f"
"elizabeth","","chiao","elizabeth chiao","f"
"john","","childs","john childs","m"
"chor-sang","","chim","chor-sang chim","m"
"patrick","","chinnery","patrick chinnery","m"
"iacopo","","chiodini","iacopo chiodini","m"
"elaine","","chiquette","elaine chiquette","f"
"rowan","","chlebowski","rowan chlebowski","m"
"eunyoung","","cho","eunyoung cho","f"
"hyon","","choi","hyon choi","m"
"elaine","w-t","chong","elaine w-t chong","f"
"niteesh","","choudhry","niteesh choudhry","m"
"mahbub","elahi","chowdhury","mahbub elahi chowdhury","m"
"gerardo","","chowell","gerardo chowell","m"
"william","","christen","william christen","m"
"leslie","","christenson","leslie christenson","f"
"mei","","chung","mei chung","f"
"sheng-chia","","chung","sheng-chia chung","f"
"marco","","cicardi","marco cicardi","m"
"andrea","","cipriani","andrea cipriani","f"
"sebahattin","","cirak","sebahattin cirak","m"
"roberto","","civitelli","roberto civitelli","m"
"robert","","clarke","robert clarke","m"
"thomas","","clasen","thomas clasen","m"
"paul","","cleary","paul cleary","m"
"john","","cleland","john cleland","m"
"denis","","clement","denis clement","m"
"fiona","","clement","fiona clement","f"
"patrick","","clyde","patrick clyde","m"
"sven","","cnattingius","sven cnattingius","m"
"sarah","","cockayne","sarah cockayne","f"
"alexander","","cohen","alexander cohen","m"
"anna","","cohen","anna cohen","f"
"myron","","cohen","myron cohen","m"
"steven","","cohen","steven cohen","m"
"nananda","","col","nananda col","f"
"robert","","coleman","robert coleman","m"
"tracie","","collins","tracie collins","f"
"ian","","colman","ian colman","m"
"alain","","combes","alain combes","m"
"laura","","conklin","laura conklin","f"
"gary","","cook","gary cook","m"
"nancy","","cook","nancy cook","f"
"filip","","cools","filip cools","m"
"nicola","","cooper","nicola cooper","f"
"william","","cooper","william cooper","m"
"bruce","","cooper","bruce cooper","m"
"elizabeth","","corbett","elizabeth corbett","f"
"marilyn","","cornelis","marilyn cornelis","f"
"patricia","","cornish","patricia cornish","f"
"vicente","","corrales-medina","vicente corrales-medina","m"
"andrew","","correia","andrew correia","m"
"howard","","corwin","howard corwin","m"
"felicia","","cosman","felicia cosman","f"
"kate","","costeloe","kate costeloe","f"
"karen","","costenbader","karen costenbader","f"
"pierre","","côté","pierre côté","m"
"peter","","cotton","peter cotton","m"
"yaya","","coulibaly","yaya coulibaly","m"
"steven","","counsell","steven counsell","m"
"carol","","coupland","carol coupland","f"
"anita","","courcoulas","anita courcoulas","f"
"","joanna","cowell"," joanna cowell","f"
"karen","","cowgill","karen cowgill","f"
"benjamin","","cowling","benjamin cowling","m"
"carolyn","","crandall","carolyn crandall","f"
"paul","","crane","paul crane","m"
"ian","","roberts","ian roberts","m"
"mike","","crawford","mike crawford","m"
"bronwyn","","crawford","bronwyn crawford","f"
"jenny","","cresswell","jenny cresswell","f"
"jennifer","","croswell","jennifer croswell","f"
"lia","","crotti","lia crotti","f"
"caroline","","crowther","caroline crowther","f"
"nancy","","crum-cianflone","nancy crum-cianflone","f"
"maria-teresa","","cuddihy","maria-teresa cuddihy","f"
"jennifer","","cummings","jennifer cummings","f"
"steven","","cummings","steven cummings","m"
"jeffrey","","cummings","jeffrey cummings","m"
"gary","","curhan","gary curhan","m"
"lesley","","curtis","lesley curtis","f"
"marcelo","","cypel","marcelo cypel","m"
"aaron","","cypess","aaron cypess","m"
"valérie","","d'acremont","valérie d'acremont","f"
"erika","","d'agata","erika d'agata","f"
"gilles","","dagenais","gilles dagenais","m"
"issa","","dahabreh","issa dahabreh","m"
"morten","","dahl","morten dahl","m"
"cher","","dallal","cher dallal","f"
"goodarz","","danaei","goodarz danaei","m"
"nick","","daneman","nick daneman","m"
"sandeep","","dave","sandeep dave","m"
"michael","","davidson","michael davidson","m"
"bruce","","davidson","bruce davidson","m"
"helen","","davies","helen davies","f"
"martha","","daviglus","martha daviglus","f"
"peter","","davis","peter davis","m"
"terry","","davis","terry davis","f"
"susan","","davis","susan davis","f"
"philip","","davis","philip davis","m"
"gustavo","","dayan","gustavo dayan","m"
"marieke","","de groot","marieke de groot","f"
"peter","","de leeuw","peter de leeuw","m"
"james","","de lemos","james de lemos","m"
"marcos","","de lima","marcos de lima","m"
"giuseppe","","de luca","giuseppe de luca","m"
"janne","","de ruyter","janne de ruyter","f"
"pernette","","de sauvage nolting","pernette de sauvage nolting","f"
"douglas","","decarolis","douglas decarolis","m"
"hervé","","decousus","hervé decousus","m"
"christopher","","defilippi","christopher defilippi","m"
"george","","demetri","george demetri","m"
"linda","","demma","linda demma","f"
"leslie","","dennis","leslie dennis","f"
"francesco","","dentali","francesco dentali","m"
"rajat","","deo","rajat deo","m"
"evelyn","","depoortere","evelyn depoortere","f"
"sanjay","","desai","sanjay desai","m"
"stephanie","","devaney","stephanie devaney","f"
"valérie","","devauchelle-pensec","valérie devauchelle-pensec","f"
"kent","","dezee","kent dezee","f"
"emanuele","","di angelantonio","emanuele di angelantonio","m"
"gian","luca","di tanna","gian luca di tanna","m"
"howard","","dickler","howard dickler","m"
"volker","","diehl","volker diehl","m"
"susan","","diem","susan diem","f"
"binh","an","diep","binh an diep","m"
"allen","","dietrich","allen dietrich","m"
"daniel","","dindo","daniel dindo","m"
"luc","","djoussé","luc djoussé","m"
"dorcas","","dobie","dorcas dobie","f"
"harald","","dobnig","harald dobnig","m"
"sara","","dolan","sara dolan","f"
"michael","","domanski","michael domanski","m"
"james","","donahue","james donahue","m"
"deborah","","donnell","deborah donnell","f"
"julie","","donohue","julie donohue","f"
"jacques","","donzé","jacques donzé","m"
"eddy","","van doorslaer","eddy van doorslaer","m"
"susan","","dorman","susan dorman","f"
"john","","dormandy","john dormandy","m"
"colin","","dormuth","colin dormuth","m"
"ian","","douglas","ian douglas","m"
"james","","douketis","james douketis","m"
"duska","","dragun","duska dragun","f"
"dimitri","","drekonja","dimitri drekonja","m"
"jane","","driver","jane driver","f"
"francis","","drobniewski","francis drobniewski","m"
"aloysius","","d'souza","aloysius d'souza","m"
"jean-michel","","dubernard","jean-michel dubernard","m"
"antoine","","duclos","antoine duclos","m"
"mark","","duffy","mark duffy","m"
"priya","","duggal","priya duggal","f"
"trevor","","duke","trevor duke","m"
"shannon","","dunlay","shannon dunlay","f"
"kieron","","dunleavy","kieron dunleavy","m"
"andrew","","dunn","andrew dunn","m"
"patricia","","cane","patricia cane","m"
"matthew","","dupre","matthew dupre","m"
"emanuele","","durante-mangoni","emanuele durante-mangoni","m"
"jane","","durga","jane durga","f"
"xavier","","duval","xavier duval","m"
"liselotte","","dyrbye","liselotte dyrbye","f"
"kim","","eagle","kim eagle","f"
"mary","","eapen","mary eapen","f"
"cara","","ebbeling","cara ebbeling","f"
"michael","","eber","michael eber","m"
"david","","eddy","david eddy","m"
"karen","","edmond","karen edmond","f"
"kathryn","","edwards","kathryn edwards","f"
"leonard","","egede","leonard egede","m"
"kazuo","","eguchi","kazuo eguchi","m"
"georg","","ehret","georg ehret","m"
"susan","","ehringhaus","susan ehringhaus","f"
"hartmut","","ehrlich","hartmut ehrlich","m"
"sabine","","eichinger","sabine eichinger","f"
"lisa","","einhorn","lisa einhorn","f"
"magnus","","ekström","magnus ekström","m"
"nabila","","el-bassel","nabila el-bassel","f"
"ismail","","el-hamamsy","ismail el-hamamsy","m"
"","heather","eliassen"," heather eliassen","f"
"mitchell","","elkind","mitchell elkind","m"
"","joseph","elmunzer"," joseph elmunzer","m"
"linda","","elting","linda elting","f"
"ezekiel","","emanuel","ezekiel emanuel","m"
"peter","","embi","peter embi","m"
"carolyn","","emery","carolyn emery","f"
"murat","","emre","murat emre","m"
"andreas","","engert","andreas engert","m"
"renata","","engler","renata engler","f"
"mike","","english","mike english","m"
"kristine","","ensrud","kristine ensrud","f"
"jonas","","eriksson","jonas eriksson","m"
"timo","","erkinjuntti","timo erkinjuntti","m"
"mark","","espeland","mark espeland","m"
"katherine","","esposito","katherine esposito","f"
"vidal","","essebag","vidal essebag","m"
"andrés","","esteban","andrés esteban","m"
"bruce","","ettinger","bruce ettinger","m"
"jason","","evans","jason evans","m"
"hazel","","everitt","hazel everitt","f"
"justin","","ezekowitz","justin ezekowitz","m"
"karl","","fagerström","karl fagerström","m"
"ann","","falsey","ann falsey","f"
"cheng","","fan","cheng fan","f"
"maryam","","farvid","maryam farvid","f"
"wildon","","farwell","wildon farwell","m"
"farshad","","farzadfar","farshad farzadfar","m"
"mina","","fazel","mina fazel","f"
"brian","","feagan","brian feagan","m"
"catherine","","féart","catherine féart","f"
"alex","","federman","alex federman","m"
"ted","","feldman","ted feldman","m"
"david","","felson","david felson","m"
"","mark","fendrick"," mark fendrick","m"
"joshua","","fenton","joshua fenton","m"
"mark","","ferguson","mark ferguson","m"
"dean","","fergusson","dean fergusson","m"
"harm","","feringa","harm feringa","m"
"lia","","fernald","lia fernald","f"
"helen","","fernandez","helen fernandez","f"
"edouard","","ferrand","edouard ferrand","m"
"jeanne","","ferrante","jeanne ferrante","f"
"isabel","","ferreira","isabel ferreira","f"
"donna","","fick","donna fick","f"
"jean-noel","","fiessinger","jean-noel fiessinger","m"
"véronique","","filippi","véronique filippi","f"
"howard","","fink","howard fink","m"
"eric","","finkelstein","eric finkelstein","m"
"patrik","","finne","patrik finne","m"
"kirstin","","finning","kirstin finning","f"
"mariel","","finucane","mariel finucane","m"
"lorenz","","fischer","lorenz fischer","m"
"michael","","fischer","michael fischer","m"
"steven","","fishbane","steven fishbane","m"
"elliott","","fisher","elliott fisher","m"
"katherine","","flegal","katherine flegal","f"
"roy","","fleischmann","roy fleischmann","m"
"david","","flockhart","david flockhart","m"
"kathryn","","flynn","kathryn flynn","f"
"aaron","","folsom","aaron folsom","m"
"gregg","","fonarow","gregg fonarow","m"
"tamara","","fong","tamara fong","f"
"ian","","ford","ian ford","u"
"alexander","","ford","alexander ford","m"
"earl","","ford","earl ford","m"
"john","","forman","john forman","m"
"stephen","","fortmann","stephen fortmann","m"
"robert","","fowler","robert fowler","m"
"robbie","","foy","robbie foy","m"
"liana","","fraenkel","liana fraenkel","f"
"charles","","francis","charles francis","m"
"manuel","","franco","manuel franco","m"
"paul","","franks","paul franks","m"
"charles","","fraser","charles fraser","m"
"susan","","frayne","susan frayne","f"
"sarah","","frech","sarah frech","f"
"lisa","","fredman","lisa fredman","f"
"stephen","","freedman","stephen freedman","m"
"matthew","","freiberg","matthew freiberg","m"
"leif","","friberg","leif friberg","m"
"terri","","fried","terri fried","f"
"andreas","","fritsche","andreas fritsche","m"
"dominick","","frosch","dominick frosch","m"
"lars","","frost","lars frost","m"
"rongwei","","fu","rongwei fu","f"
"lorenzo","","fuccio","lorenzo fuccio","m"
"nina","","fudge","nina fudge","f"
"milford","","fulop","milford fulop","m"
"shahinaz","","gadalla","shahinaz gadalla","f"
"anat","","gafter-gvili","anat gafter-gvili","f"
"william","","gahl","william gahl","m"
"steven","","galetta","steven galetta","m"
"karin","","galil","karin galil","f"
"teresa","","gallagher","teresa gallagher","f"
"thomas","","gallagher","thomas gallagher","m"
"massimo","","galli","massimo galli","m"
"john","","gallin","john gallin","m"
"joseph","","gallo","joseph gallo","m"
"gunjan","","gandhi","gunjan gandhi","m"
"hai-nv","","gao","hai-nv gao","f"
"lourdes","","garcia-garcia","lourdes garcia-garcia","f"
"christopher","","gardner","christopher gardner","m"
"rebekah","","gardner","rebekah gardner","f"
"judith","","garrard","judith garrard","f"
"tiffany","","gary","tiffany gary","f"
"luigi","","gatta","luigi gatta","m"
"joan","","gavaldà","joan gavaldà","f"
"thomas","","geisbert","thomas geisbert","m"
"joel","","gelfand","joel gelfand","m"
"elvin","","geng","elvin geng","m"
"janneane","","gent","janneane gent","f"
"jeffrey","","gerber","jeffrey gerber","m"
"hertzel","","gerstein","hertzel gerstein","m"
"tara","bridget","giblin","tara bridget giblin","f"
"martine","","gilard","martine gilard","f"
"thomas","","gill","thomas gill","m"
"kirrin","","gill","kirrin gill","f"
"christopher","","gill","christopher gill","m"
"clare","","gillies","clare gillies","f"
"david","","gilligan","david gilligan","m"
"ian","","gilron","ian gilron","m"
"erik","","giltay","erik giltay","m"
"adit","","ginde","adit ginde","m"
"laura","","gitlin","laura gitlin","f"
"robert","","giugliano","robert giugliano","m"
"armando","","giuliano","armando giuliano","m"
"svein","","gjelstad","svein gjelstad","m"
"anna","","glasier","anna glasier","f"
"alexander","","glassman","alexander glassman","m"
"cathryn","","glazener","cathryn glazener","f"
"robert","","glynn","robert glynn","m"
"michael","","gnant","michael gnant","m"
"alan","","go","alan go","m"
"david","","goff","david goff","m"
"barbara","","goff","barbara goff","f"
"siddhartha","","gogia","siddhartha gogia","m"
"yoav","","golan","yoav golan","m"
"michael","","goldacre","michael goldacre","m"
"raphaela","","goldbach-mansky","raphaela goldbach-mansky","f"
"david","","golden","david golden","m"
"ilan","","goldenberg","ilan goldenberg","m"
"keith","","goldfeld","keith goldfeld","m"
"samuel","","goldhaber","samuel goldhaber","m"
"sue","","goldie","sue goldie","f"
"gregg","","goldin","gregg goldin","m"
"dana","","goldman","dana goldman","f"
"john","","goldman","john goldman","m"
"allan","","goldman","allan goldman","m"
"ralph","","gonzales","ralph gonzales","m"
"william","","goodson","william goodson","m"
"james","","goodwin","james goodwin","m"
"herman","","goossens","herman goossens","m"
"ravi","","gopal","ravi gopal","m"
"ram","","gordon","ram gordon","m"
"nicoletta","","gossger","nicoletta gossger","f"
"john","","gottdiener","john gottdiener","m"
"daniel","","gottlieb","daniel gottlieb","m"
"jeffrey","","gould","jeffrey gould","m"
"judith","","graat","judith graat","f"
"maud","","graff","maud graff","f"
"david","","grande","david grande","m"
"christopher","","granger","christopher granger","m"
"bradi","","granger","bradi granger","f"
"reuben","","granich","reuben granich","m"
"alison","","grant","alison grant","f"
"richard","","grant","richard grant","m"
"giulia","","greco","giulia greco","f"
"robert","","green","robert green","m"
"john","","green","john green","m"
"sheldon","","greenfield","sheldon greenfield","m"
"nancy","","greengold","nancy greengold","f"
"kurt","","greenlund","kurt greenlund","m"
"nancy","","greer","nancy greer","f"
"edward","","gregg","edward gregg","m"
"paul","","griffiths","paul griffiths","m"
"stefano","","grifoni","stefano grifoni","m"
"beatriz","","grinsztejn","beatriz grinsztejn","f"
"francine","","grodstein","francine grodstein","f"
"joshua","","groman","joshua groman","m"
"robert","","gross","robert gross","m"
"david","","grossman","david grossman","m"
"steven","","grover","steven grover","m"
"hajo","","grundmann","hajo grundmann","m"
"mary","","grzybowski","mary grzybowski","f"
"francisco","","guarner","francisco guarner","m"
"james","","guevara","james guevara","m"
"hitinder","","gurm","hitinder gurm","m"
"paul","","haber","paul haber","m"
"knut","","hagen","knut hagen","m"
"tyson","","hagen","tyson hagen","m"
"moti","","haim","moti haim","m"
"andy","","haines","andy haines","m"
"peter","","hajek","peter hajek","m"
"chanita","hughes","halbert","chanita hughes halbert","f"
"aron","","hall","aron hall","m"
"stein","","hallan","stein hallan","m"
"carmel","","halley","carmel halley","f"
"alison","","halliday","alison halliday","f"
"al","","hallstrom","al hallstrom","m"
"jari","","halonen","jari halonen","m"
"peder","","halvorsen","peder halvorsen","m"
"mark","","hamer","mark hamer","m"
"elizabeth","","haney","elizabeth haney","f"
"mary","","hannah","mary hannah","f"
"edward","","hannan","edward hannan","m"
"marisa","","hanney","marisa hanney","f"
"anna","","hansell","anna hansell","f"
"karen","","hansen","karen hansen","f"
"luke","","hansen","luke hansen","m"
"tanzina","","haque","tanzina haque","f"
"rebecca","","hardy","rebecca hardy","f"
"robert","","harrington","robert harrington","m"
"jeffrey","","harris","jeffrey harris","m"
"robert","","hart","robert hart","m"
"lisa","","hartling","lisa hartling","f"
"philip","","hashkes","philip hashkes","m"
"ziv","","haskal","ziv haskal","m"
"romana","","hasnain-wynia","romana hasnain-wynia","f"
"maija","","hassinen","maija hassinen","f"
"stephen","","hauser","stephen hauser","m"
"mary","","hawn","mary hawn","f"
"tomoshige","","hayashi","tomoshige hayashi","m"
"edward","","hayes","edward hayes","m"
"daniel","","hayes","daniel hayes","m"
"julia","","hayes","julia hayes","f"
"feng","","he","feng he","m"
"jenny","","head","jenny head","f"
"rory","","collins","rory collins","f"
"robert","","hecht","robert hecht","m"
"susan","","heckbert","susan heckbert","f"
"michelle","","hecker","michelle hecker","f"
"jan","","heeringa","jan heeringa","m"
"asefeh","","heiat","asefeh heiat","f"
"robert","","heine","robert heine","m"
"michele","","heisler","michele heisler","f"
"harry","","hemingway","harry hemingway","m"
"marleen","","hendriks","marleen hendriks","f"
"carl","","heneghan","carl heneghan","m"
"claudia","","henschke","claudia henschke","f"
"matthew","","hepburn","matthew hepburn","m"
"raoul","","herbrecht","raoul herbrecht","m"
"jane","","herlihy","jane herlihy","f"
"luke","","hermann","luke hermann","m"
"barbara","","herwaldt","barbara herwaldt","f"
"eva","","herweijer","eva herweijer","f"
"stanley","","heshka","stanley heshka","m"
"bradford","","hesse","bradford hesse","m"
"vera","","heydendael","vera heydendael","f"
"gerald","","hickson","gerald hickson","m"
"levita","","hidayat","levita hidayat","f"
"takahiro","","higashi","takahiro higashi","m"
"jonathan","","hill","jonathan hill","m"
"kenneth","","hill","kenneth hill","m"
"kevin","","hill","kevin hill","m"
"sarah","","hilmer","sarah hilmer","f"
"daniel","","hind","daniel hind","m"
"alan","","hinderliter","alan hinderliter","m"
"gideon","","hirschfield","gideon hirschfield","m"
"harriet","","hiscock","harriet hiscock","f"
"anders","","hjern","anders hjern","m"
"alan","","ho","alan ho","m"
"","michael","ho"," michael ho","m"
"susan","","hocevar","susan hocevar","f"
"pat","","hoddinott","pat hoddinott","m"
"mary","","hoelscher","mary hoelscher","f"
"kerstin","","hogg","kerstin hogg","f"
"stefan","","hohnloser","stefan hohnloser","m"
"anne","","holbrook","anne holbrook","f"
"hallvard","","holdaas","hallvard holdaas","m"
"priscilla","","hollander","priscilla hollander","f"
"rury","","holman","rury holman","m"
"william","","holmes","william holmes","m"
"michael","","holmes","michael holmes","m"
"jon-erik","","holty","jon-erik holty","m"
"honest","","honest","honest honest","u"
"eva","","lonn","eva lonn","f"
"karl","","horvath","karl horvath","m"
"david","","hostler","david hostler","m"
"matthew","","hotopf","matthew hotopf","m"
"sherilyn","","houle","sherilyn houle","f"
"barbara","","howard","barbara howard","f"
"philippa","","howden-chapman","philippa howden-chapman","f"
"amanda","","howerton","amanda howerton","f"
"kenneth","","holroyd","kenneth holroyd","m"
"marilyn","","hravnak","marilyn hravnak","f"
"matthew","","hsieh","matthew hsieh","m"
"chi-yuan","","hsu","chi-yuan hsu","m"
"frank","","hu","frank hu","m"
"gang","","hu","gang hu","m"
"jim","","hu","jim hu","m"
"alison","","huang","alison huang","f"
"susan","","huang","susan huang","f"
"elbert","","huang","elbert huang","m"
"rebecca","","hubbard","rebecca hubbard","f"
"melissa","","hudson","melissa hudson","f"
"jeff","","huffman","jeff huffman","m"
"tim","","hughes","tim hughes","m"
"richard","","hughes","richard hughes","m"
"anja","","huizink","anja huizink","f"
"michael","","hummel","michael hummel","m"
"linda","","humphrey","linda humphrey","f"
"chien-ching","","hung","chien-ching hung","m"
"brian","","hurley","brian hurley","m"
"","charles","huskins"," charles huskins","m"
"gero","","hütter","gero hütter","m"
"rachel","","huxley","rachel huxley","f"
"frederik","","hvid-jensen","frederik hvid-jensen","m"
"anders","","hviid","anders hviid","m"
"emily","","hyle","emily hyle","f"
"luisa","","ibáñez","luisa ibáñez","f"
"masayuki","","ikeda","masayuki ikeda","m"
"judy","","illes","judy illes","f"
"thomas","","imperiale","thomas imperiale","m"
"lawrence","","impey","lawrence impey","m"
"sharon","","inouye","sharon inouye","f"
"marco","","inzitari","marco inzitari","m"
"brian","","isetts","brian isetts","m"
"farhad","","islami","farhad islami","m"
"hiroyasu","","iso","hiroyasu iso","u"
"andrew","","jackson","andrew jackson","m"
"eric","","jacobs","eric jacobs","m"
"poul","harboe","jacobsen","poul harboe jacobsen","m"
"steven","","jacobsen","steven jacobsen","m"
"vanessa","","jacoby","vanessa jacoby","f"
"tazeen","","jafar","tazeen jafar","f"
"nadim","","jafri","nadim jafri","m"
"haseeb","","jafri","haseeb jafri","m"
"reshma","","jagsi","reshma jagsi","f"
"rajiv","","jain","rajiv jain","m"
"mrudula","","jakkula","mrudula jakkula","f"
"sophie","","jamal","sophie jamal","f"
"matthew","","james","matthew james","m"
"catriona","","jamieson","catriona jamieson","f"
"konrad","","jamrozik","konrad jamrozik","m"
"karin","","janata","karin janata","f"
"marijke","","jansen-van der weide","marijke jansen-van der weide","f"
"james","","jarrett","james jarrett","m"
"robert","","jasmer","robert jasmer","m"
"sun","ha","jee","sun ha jee","m"
"barbara","","jefferis","barbara jefferis","f"
"tom","","jefferson","tom jefferson","m"
"petra","","jellema","petra jellema","f"
"timothy","","jenkins","timothy jenkins","m"
"donald","","jensen","donald jensen","m"
"janneke","","jentink","janneke jentink","f"
"peter","","jepsen","peter jepsen","m"
"anthony","","jerant","anthony jerant","m"
"junfang","","ji","junfang ji","f"
"rui","","jiang","rui jiang","u"
"li","","jiao","li jiao","u"
"bernd","","jilma","bernd jilma","m"
"david","","jiménez","david jiménez","m"
"mark","","jit","mark jit","m"
"jan-erik","","johansson","jan-erik johansson","m"
"kari","","johansson","kari johansson","f"
"bankole","","johnson","bankole johnson","m"
"kirsten","","johnson","kirsten johnson","f"
"","claiborne","johnston"," claiborne johnston","m"
"sebastian","","johnston","sebastian johnston","m"
"bradley","","johnston","bradley johnston","m"
"pascal","","joly","pascal joly","m"
"daniel","","jones","daniel jones","m"
"edgar","","jones","edgar jones","m"
"ian","","jones","ian jones","m"
"hendrée","","jones","hendrée jones","f"
"christine","","jones","christine jones","f"
"philip","","jong","philip jong","m"
"tisha","","joy","tisha joy","f"
"geoffrey","","joyce","geoffrey joyce","m"
"karen","","joynt","karen joynt","f"
"philipp","","jungebluth","philipp jungebluth","m"
"jessie","","juusola","jessie juusola","f"
"peter","","kaboli","peter kaboli","m"
"guillaume","","kac","guillaume kac","m"
"allen","","kachalia","allen kachalia","m"
"nina","","kadan-lottick","nina kadan-lottick","f"
"hanna","","kaduszkiewicz","hanna kaduszkiewicz","f"
"nadya","","kagansky","nadya kagansky","f"
"alexander","","kainz","alexander kainz","m"
"christoph","","kaiser","christoph kaiser","m"
"andre","","kalil","andre kalil","m"
"alexander","","kallen","alexander kallen","m"
"pia","","kamstrup","pia kamstrup","f"
"alka","","kanaya","alka kanaya","f"
"young","ae","kang","young ae kang","f"
"jae","hee","kang","jae hee kang","f"
"liew","woei","kang","liew woei kang","m"
"shreya","","kangovi","shreya kangovi","f"
"susan","","kansagra","susan kansagra","f"
"fasiha","","kanwal","fasiha kanwal","f"
"joel","","karlinsky","joel karlinsky","m"
"harin","","karunajeewa","harin karunajeewa","m"
"stuart","","kassan","stuart kassan","m"
"adnan","","kastrati","adnan kastrati","m"
"kenji","","kato","kenji kato","m"
"padma","","kaul","padma kaul","f"
"rainu","","kaushal","rainu kaushal","f"
"maryam","","kavousi","maryam kavousi","f"
"jennifer","","kawwass","jennifer kawwass","f"
"kassoum","","kayentao","kassoum kayentao","m"
"sophia","","kazakova","sophia kazakova","f"
"dhruv","","kazi","dhruv kazi","m"
"clive","","kearon","clive kearon","m"
"florence","","keime-guibert","florence keime-guibert","f"
"amy","","kelley","amy kelley","f"
"john","","kellum","john kellum","m"
"aine","","kelly","aine kelly","f"
"catherine","","kelly","catherine kelly","f"
"alison","","kemp","alison kemp","f"
"adrian","","kendal","adrian kendal","m"
"friederike","","kendel","friederike kendel","m"
"tara","","kennedy","tara kennedy","f"
"lisa","","kenney","lisa kenney","f"
"chris","","kenyon","chris kenyon","m"
"kate","","kerber","kate kerber","f"
"","price","kerfoot"," price kerfoot","m"
"karla","","kerlikowske","karla kerlikowske","f"
"eve","","kerr","eve kerr","f"
"miklos","","kertai","miklos kertai","m"
"aaron","","kesselheim","aaron kesselheim","m"
"mishal","sameer","khan","mishal sameer khan","f"
"nayer","","khazeni","nayer khazeni","f"
"kamlesh","","khunti","kamlesh khunti","m"
"gary","","kiebzak","gary kiebzak","m"
"helen","","killaspy","helen killaspy","f"
"hae","jin","kim","hae jin kim","f"
"jane","","kim","jane kim","f"
"michelle","","kim","michelle kim","f"
"caroline","","kim","caroline kim","f"
"alexa","","kimball","alexa kimball","f"
"stephen","","kimmel","stephen kimmel","m"
"james","","king","james king","m"
"nicholas","","king","nicholas king","m"
"paul","","kinnersley","paul kinnersley","m"
"sanjay","","kinra","sanjay kinra","m"
"ole","","kirk","ole kirk","m"
"christine","","kistler","christine kistler","f"
"brian","","kit","brian kit","m"
"mika","","kivimäki","mika kivimäki","m"
"eric","","klein","eric klein","m"
"leah","","kleinman","leah kleinman","f"
"frank","","kolodgie","frank kolodgie","u"
"frederikus","","klok","frederikus klok","m"
"karen","","kmetik","karen kmetik","f"
"christine","","knottenbelt","christine knottenbelt","f"
"kerry","","knox","kerry knox","f"
"sarah","","knox","sarah knox","f"
"nils","","knudsen","nils knudsen","m"
"cynthia","","ko","cynthia ko","f"
"dennis","","ko","dennis ko","m"
"fang","","ko","fang ko","f"
"first_name","middle_name","last_name","full_name","gender"
"brandon","","kohrt","brandon kohrt","u"
"gittan","","kollberg","gittan kollberg","f"
"stavros","","konstantinides","stavros konstantinides","m"
"michael","","koren","michael koren","m"
"john","","koreth","john koreth","m"
"claudio","","köser","claudio köser","m"
"mikhail","","kosiborod","mikhail kosiborod","m"
"csaba","","kovesdy","csaba kovesdy","u"
"ai","","koyanagi","ai koyanagi","f"
"roderik","","kraaijenhagen","roderik kraaijenhagen","m"
"judith","","kramer","judith kramer","f"
"joel","","kremer","joel kremer","m"
"rajesh","","krishna","rajesh krishna","m"
"eswar","","krishnan","eswar krishnan","m"
"levente","","kriston","levente kriston","m"
"stephen","","kritchevsky","stephen kritchevsky","m"
"axel","","kroeger","axel kroeger","m"
"gerald","","krueger","gerald krueger","m"
"utz","","krug","utz krug","m"
"marieke","","kruip","marieke kruip","f"
"henry","","krum","henry krum","m"
"samuel","","krumholz","samuel krumholz","m"
"abhijit","","kshirsagar","abhijit kshirsagar","m"
"leighton","","ku","leighton ku","f"
"nils","","kucher","nils kucher","m"
"lauren","","kucirka","lauren kucirka","f"
"felicitas","","kuehne","felicitas kuehne","f"
"christiane","","kuhl","christiane kuhl","f"
"todd","","kuiken","todd kuiken","m"
"shalini","","kulasingam","shalini kulasingam","f"
"shiriki","","kumanyika","shiriki kumanyika","f"
"rajesh","","kumar","rajesh kumar","m"
"geeta","trilok","kumar","geeta trilok kumar","f"
"tobias","","kurth","tobias kurth","m"
"janaki","","kuruppu","janaki kuruppu","f"
"ifedayo","","kuye","ifedayo kuye","m"
"elisabeth","","kvaavik","elisabeth kvaavik","f"
"marina","","kvaskoff","marina kvaskoff","f"
"kenneth","","labresh","kenneth labresh","m"
"clifton","","lacy","clifton lacy","m"
"tara","","lagu","tara lagu","f"
"loren","","laine","loren laine","m"
"susan","","lakoski","susan lakoski","f"
"jameson","","lam","jameson lam","m"
"hon-ming","","lam","hon-ming lam","m"
"gervasio","","lamas","gervasio lamas","m"
"ola","","landgren","ola landgren","m"
"francesco","","landi","francesco landi","m"
"bruce","","landon","bruce landon","m"
"karl","","landorf","karl landorf","m"
"nancy","","lane","nancy lane","f"
"leslie","","lange","leslie lange","f"
"robert","","langer","robert langer","m"
"nancy","","lapointe","nancy lapointe","f"
"thérèse","","lapperre","thérèse lapperre","f"
"claus","","larsen","claus larsen","m"
"susanna","","larsson","susanna larsson","f"
"james","","lau","james lau","m"
"michael","","lauer","michael lauer","m"
"jari","","laukkanen","jari laukkanen","m"
"bernard","","laumon","bernard laumon","m"
"odile","","launay","odile launay","f"
"eric","","lawitz","eric lawitz","m"
"debbie","","lawlor","debbie lawlor","f"
"geoff","","lawrenson","geoff lawrenson","m"
"john","","lazarus","john lazarus","u"
"janice","","lea","janice lea","f"
"frank","","lederle","frank lederle","m"
"jonathan","","ledermann","jonathan ledermann","m"
"patrick","","lee","patrick lee","m"
"kaeng","","lee","kaeng lee","m"
"janet","","lee","janet lee","f"
"chuanfang","","lee","chuanfang lee","m"
"grace","","lee","grace lee","f"
"chong-do","","lee","chong-do lee","f"
"ingi","","lee","ingi lee","m"
"todd","","lee","todd lee","m"
"meng","","lee","meng lee","m"
"vernon","","lee","vernon lee","m"
"june-koo","","lee","june-koo lee","f"
"daniel","","leffler","daniel leffler","m"
"richard","","legro","richard legro","m"
"ginger","","lehrman","ginger lehrman","f"
"","paul","leigh"," paul leigh","m"
"maarit","","leinonen","maarit leinonen","f"
"michael","","leitzmann","michael leitzmann","m"
"rozenn","","lemaitre","rozenn lemaitre","f"
"anthony","","lembo","anthony lembo","m"
"vanda","","lennon","vanda lennon","f"
"ralph","","leonard","ralph leonard","m"
"stephanie","","leong","stephanie leong","f"
"william","","leslie","william leslie","m"
"ka","lau","leung","ka lau leung","m"
"chi","","leung","chi leung","m"
"alexander","","leung","alexander leung","m"
"andrew","","levey","andrew levey","f"
"zohar","","levi","zohar levi","m"
"theodore","","levin","theodore levin","m"
"alexandra","","levine","alexandra levine","f"
"richard","","levine","richard levine","m"
"stewart","","levine","stewart levine","u"
"silvina","","levis","silvina levis","f"
"emily","","levitan","emily levitan","f"
"harvey","","levy","harvey levy","m"
"james","","lewis","james lewis","m"
"bruce","","lewis","bruce lewis","m"
"de-kun","","li","de-kun li","m"
"fuzhong","","li","fuzhong li","m"
"ming-hua","","li","ming-hua li","f"
"shanshan","","li","shanshan li","f"
"wen-qing","","li","wen-qing li","f"
"øjvind","","lidegaard","øjvind lidegaard","m"
"david","","lieberman","david lieberman","m"
"christian","","lienhardt","christian lienhardt","m"
"gerald","","liew","gerald liew","m"
"donald","","likosky","donald likosky","m"
"weonjeong","","lim","weonjeong lim","m"
"stephen","","lim","stephen lim","m"
"jin-ching","","lin","jin-ching lin","m"
"otto","","lin","otto lin","m"
"grace","","lin","grace lin","f"
"frank","","lin","frank lin","m"
"","michael","lincoff"," michael lincoff","m"
"jeffrey","","linder","jeffrey linder","m"
"walter","","ling","walter ling","m"
"agnès","","linglart","agnès linglart","m"
"rosa","","liperoti","rosa liperoti","f"
"lorraine","","lipscombe","lorraine lipscombe","f"
"alan","","list","alan list","m"
"harold","","litt","harold litt","m"
"susan","","little","susan little","f"
"paul","","little","paul little","m"
"jien-wei","","liu","jien-wei liu","u"
"simin","","liu","simin liu","m"
"li","","liu","li liu","f"
"shan","","liu","shan liu","m"
"jian-meng","","liu","jian-meng liu","m"
"mari","","lloyd-williams","mari lloyd-williams","f"
"shahin","","lockman","shahin lockman","f"
"mark","","loeb","mark loeb","m"
"laura","","loertscher","laura loertscher","f"
"aaron","","logan","aaron logan","m"
"yoon","kong","loke","yoon kong loke","m"
"nicholas","","loman","nicholas loman","m"
"elisa","","long","elisa long","f"
"daniel","","longo","daniel longo","m"
"russell","","lonser","russell lonser","m"
"vivian","","loo","vivian loo","f"
"lenny","","lópez","lenny lópez","m"
"esther","","lopez-garcia","esther lopez-garcia","f"
"michel","","de lorgeril","michel de lorgeril","m"
"elena","","losina","elena losina","f"
"claudia","","lucchinetti","claudia lucchinetti","f"
"jean-christophe","","lucet","jean-christophe lucet","m"
"ciro","","luise","ciro luise","m"
"thomas","","luke","thomas luke","m"
"anne","","lusk","anne lusk","f"
"katherine","","luzuriaga","katherine luzuriaga","f"
"kathleen","","ly","kathleen ly","f"
"henry","","lynch","henry lynch","m"
"outi","","lyytikäinen","outi lyytikäinen","m"
"jun","","ma","jun ma","u"
"christine","","macarthur","christine macarthur","f"
"paolo","","macchiarini","paolo macchiarini","m"
"gary","","macfarlane","gary macfarlane","m"
"robert","","maclaren","robert maclaren","m"
"thomas","","maddox","thomas maddox","m"
"james","","madison","james madison","m"
"paula","","bolton-maggs","paula bolton-maggs","f"
"kenneth","","mahaffey","kenneth mahaffey","m"
"lourdes","","mahilum-tapay","lourdes mahilum-tapay","f"
"sumit","","majumdar","sumit majumdar","m"
"keijo","","mäkelä","keijo mäkelä","m"
"surbhi","","malhotra-kumar","surbhi malhotra-kumar","f"
"susmita","","mallik","susmita mallik","f"
"christian","","mallen","christian mallen","m"
"françois","","maltais","françois maltais","m"
"muhammad","","mamdani","muhammad mamdani","m"
"semira","","manaseki-holland","semira manaseki-holland","f"
"marilyn","","manco-johnson","marilyn manco-johnson","f"
"carol","","mancuso","carol mancuso","f"
"rita","","mangione-smith","rita mangione-smith","f"
"eric","","manheimer","eric manheimer","m"
"brett","","manley","brett manley","m"
"","goya","wannamethee"," goya wannamethee","m"
"david","","mannino","david mannino","m"
"jonathan","","mant","jonathan mant","m"
"paolo","","manzoni","paolo manzoni","m"
"demetrius","","maraganore","demetrius maraganore","m"
"patrick","","marcellin","patrick marcellin","m"
"herbert","","marini","herbert marini","m"
"john","","maris","john maris","m"
"howard","","markel","howard markel","m"
"david","","maron","david maron","m"
"john","","marsden","john marsden","m"
"daniel","","martin","daniel martin","m"
"brook","","martin","brook martin","f"
"ida","","martinelli","ida martinelli","f"
"fernando","","martinez","fernando martinez","m"
"carlos","","martinez","carlos martinez","m"
"maría","elena","martínez","maría elena martínez","f"
"miguel-angel","","martínez-garcía","miguel-angel martínez-garcía","m"
"cesário","","martins","cesário martins","m"
"leo","","martis","leo martis","m"
"honorati","","masanja","honorati masanja","m"
"edoardo","","masset","edoardo masset","m"
"philip","","masters","philip masters","m"
"shlomo","","matetzky","shlomo matetzky","m"
"joseph","","mathew","joseph mathew","m"
"erin","","mathieu","erin mathieu","f"
"dan","","matlock","dan matlock","m"
"ilan","","matok","ilan matok","m"
"melissa","","mattison","melissa mattison","f"
"emma","","maund","emma maund","f"
"saverio","","maviglia","saverio maviglia","m"
"donna","","maziak","donna maziak","f"
"kathleen","","mazor","kathleen mazor","f"
"tim","","mcafee","tim mcafee","m"
"anne","","mccaffrey","anne mccaffrey","f"
"michael","","mcclung","michael mcclung","m"
"jeffrey","","mccombs","jeffrey mccombs","m"
"","john","mcconnell"," john mcconnell","m"
"jane","","mccusker","jane mccusker","f"
"susan","","mcdaniel","susan mcdaniel","f"
"mary","mcgrae","mcdermott","mary mcgrae mcdermott","f"
"","clifford","mcdonald"," clifford mcdonald","m"
"miles","","mcfall","miles mcfall","m"
"john","","mchutchison","john mchutchison","m"
"lauralyn","","mcintyre","lauralyn mcintyre","f"
"","alex","mcmahan"," alex mcmahan","m"
"gearoid","","mcmahon","gearoid mcmahon","m"
"malcolm","","mctaggart","malcolm mctaggart","m"
"kathleen","","mctigue","kathleen mctigue","f"
"","michael","mcwilliams"," michael mcwilliams","m"
"lillian","","meacham","lillian meacham","f"
"jennifer","","meddings","jennifer meddings","f"
"reena","","mehra","reena mehra","f"
"ateev","","mehrotra","ateev mehrotra","m"
"rajendra","","mehta","rajendra mehta","f"
"shamir","","mehta","shamir mehta","m"
"christian","","meier","christian meier","m"
"raphael","","meier","raphael meier","m"
"","arnoud","meijer"," arnoud meijer","m"
"sabine","","meijvis","sabine meijvis","f"
"paul","","meis","paul meis","m"
"michal","","melamed","michal melamed","m"
"jan","","menne","jan menne","m"
"laura","","ment","laura ment","f"
"daniel","","menzies","daniel menzies","m"
"peter","","merkel","peter merkel","m"
"alan","","merry","alan merry","m"
"djamel","","messaad","djamel messaad","m"
"franz","","messerli","franz messerli","m"
"joshua","","metlay","joshua metlay","m"
"guy","","meyer","guy meyer","m"
"jeffrey","","meyerhardt","jeffrey meyerhardt","m"
"christian","","meyhoff","christian meyhoff","m"
"karin","","michels","karin michels","f"
"matthew","","miller","matthew miller","m"
"gregorio","","millett","gregorio millett","m"
"edward","","mills","edward mills","m"
"nicholas","","mills","nicholas mills","m"
"olivier","","mimoz","olivier mimoz","m"
"caroline","","minassian","caroline minassian","f"
"catherine","","minto","catherine minto","f"
"roberto","","minutolo","roberto minutolo","m"
"anita","","mistry","anita mistry","f"
"susan","","mitchell","susan mitchell","f"
"panagiota","","mitrou","panagiota mitrou","f"
"rebekah","","moehring","rebekah moehring","f"
"emile","","mohler","emile mohler","m"
"charlotte","","mollerup","charlotte mollerup","f"
"michael","","monroe","michael monroe","m"
"julio","","montaner","julio montaner","m"
"dennis","","mook-kanamori","dennis mook-kanamori","m"
"laurence","","moore","laurence moore","m"
"david","","moore","david moore","m"
"carlton","","moore","carlton moore","m"
"tamanna","","moore","tamanna moore","f"
"christopher","","moore","christopher moore","m"
"john","","morgan","john morgan","m"
"steven","","morgan","steven morgan","m"
"thomas","","morgan","thomas morgan","m"
"gareth","","morgan","gareth morgan","m"
"douglas","","morgan","douglas morgan","m"
"colin","","morley","colin morley","m"
"susan","","morpeth","susan morpeth","f"
"sheldon","","morris","sheldon morris","m"
"elizabeth","","morrison","elizabeth morrison","f"
"","sean","morrison"," sean morrison","m"
"anthony","","morrison","anthony morrison","m"
"david","","morrow","david morrow","m"
"monica","","morrow","monica morrow","f"
"donald","","morton","donald morton","m"
"sue","","moss","sue moss","f"
"arthur","","moss","arthur moss","m"
"william","","mostertz","william mostertz","m"
"robert","","motzer","robert motzer","m"
"steven","","mou","steven mou","m"
"ronelle","","mouton","ronelle mouton","f"
"kris","","movig","kris movig","m"
"dariush","","mozaffarian","dariush mozaffarian","m"
"kenneth","","mukamal","kenneth mukamal","m"
"brian","","mulhall","brian mulhall","m"
"matthew","","muller","matthew muller","m"
"falk","","müller-riemenschneider","falk müller-riemenschneider","m"
"paul","","muntner","paul muntner","m"
"michael","","murray","michael murray","m"
"vivek","","murthy","vivek murthy","m"
"dominique","","musset","dominique musset","f"
"bisher","","mustafa","bisher mustafa","m"
"abimereki","","muzaale","abimereki muzaale","m"
"martin","","myers","martin myers","m"
"pauline","","mysliwiec","pauline mysliwiec","f"
"jean","","nachega","jean nachega","m"
"jeff","","nagge","jeff nagge","m"
"timothy","","naimi","timothy naimi","m"
"devi","","nampiaparampil","devi nampiaparampil","m"
"prabath","","nanayakkara","prabath nanayakkara","m"
"brian","","nankivell","brian nankivell","m"
"sonali","","narain","sonali narain","f"
"craig","","narins","craig narins","m"
"sundar","","natarajan","sundar natarajan","m"
"ann","marie","navar-boggan","ann marie navar-boggan","f"
"eliano","","navarese","eliano navarese","m"
"tim","","nawrot","tim nawrot","m"
"chima","","ndumele","chima ndumele","m"
"daniel","","nebert","daniel nebert","m"
"larissa","","nekhlyudov","larissa nekhlyudov","f"
"karin","","nelson","karin nelson","f"
"judith","","nelson","judith nelson","f"
"paul","","nelson","paul nelson","m"
"heidi","","nelson","heidi nelson","f"
"thomas","","neltner","thomas neltner","m"
"hannelore","","neuhauser","hannelore neuhauser","f"
"kathleen","","neuzil","kathleen neuzil","f"
"anne","","newman","anne newman","f"
"john","","newman","john newman","m"
"katherine","","newton","katherine newton","f"
"chaan","","ng","chaan ng","m"
"belinda","","ng","belinda ng","f"
"vanessa","","ng","vanessa ng","f"
"jeremiah","","ngondi","jeremiah ngondi","m"
"deborah","","nichols","deborah nichols","f"
"linda","olivia","nichols","linda olivia nichols","f"
"mitchell","","nides","mitchell nides","m"
"sune","","nielsen","sune nielsen","m"
"antonio","","nieto","antonio nieto","m"
"sanne","","nijhof","sanne nijhof","f"
"nobuyuki","","nishikiori","nobuyuki nishikiori","m"
"jun-ichi","","nishimura","jun-ichi nishimura","m"
"steven","","nissen","steven nissen","m"
"jane","","norman","jane norman","f"
"gary","","noskin","gary noskin","m"
"eha","","nurk","eha nurk","f"
"david","","nyweide","david nyweide","m"
"cara","","o'brien","cara o'brien","f"
"sean","","o'brien","sean o'brien","m"
"paul","","o'brien","paul o'brien","m"
"ira","","ockene","ira ockene","f"
"christopher","","o'connor","christopher o'connor","m"
"michelle","","odden","michelle odden","f"
"sam","","oddie","sam oddie","m"
"colin","","o'donnell","colin o'donnell","m"
"max","","o'donnell","max o'donnell","m"
"ibironke","","oduyebo","ibironke oduyebo","f"
"kevin","","oeffinger","kevin oeffinger","m"
"helmut","","oettle","helmut oettle","m"
"cynthia","","ogden","cynthia ogden","f"
"gbenga","","ogedegbe","gbenga ogedegbe","m"
"david","","ogilvie","david ogilvie","m"
"ann","","o'hare","ann o'hare","f"
"maurice","","ohayon","maurice ohayon","m"
"suzanne","","ohmit","suzanne ohmit","f"
"kanu","","okike","kanu okike","m"
"susan","","oliveria","susan oliveria","f"
"douglas","","olson","douglas olson","m"
"john","","o'meara","john o'meara","m"
"saad","","omer","saad omer","m"
"heyder","","omran","heyder omran","m"
"cheryl","","oncken","cheryl oncken","f"
"peck","","ong","peck ong","m"
"marcus","eng","ong","marcus eng ong","m"
"bregje","","onwuteaka-philipsen","bregje onwuteaka-philipsen","f"
"jan","jelrik","oosterheert","jan jelrik oosterheert","m"
"trevor","","orchard","trevor orchard","m"
"anath","","oren","anath oren","f"
"gretchen","","orosz","gretchen orosz","f"
"ragnhild","","ørstavik","ragnhild ørstavik","f"
"denise","","orwig","denise orwig","f"
"eric","","orwoll","eric orwoll","m"
"david","","ost","david ost","m"
"george","","ostapowicz","george ostapowicz","m"
"truls","","ostbye","truls ostbye","m"
"jan","","ostermann","jan ostermann","m"
"glenn","","ostir","glenn ostir","m"
"geraldine","","o'sullivan","geraldine o'sullivan","f"
"kenneth","","ottenbacher","kenneth ottenbacher","m"
"jennifer","","otten","jennifer otten","f"
"amy","","oxentenko","amy oxentenko","f"
"madhukar","","pai","madhukar pai","m"
"frank","","palella","frank palella","m"
"suetonia","","palmer","suetonia palmer","f"
"scott","","palmer","scott palmer","m"
"tullio","","palmerini","tullio palmerini","m"
"paul","","palumbo","paul palumbo","m"
"katherine","","panageas","katherine panageas","f"
"jack","","paradise","jack paradise","m"
"","iyer","parameswaran"," iyer parameswaran","m"
"antoine","","pariente","antoine pariente","m"
"jean","jacques","parienti","jean jacques parienti","m"
"yong-woo","","park","yong-woo park","m"
"yikyung","","park","yikyung park","f"
"catriona","","parker","catriona parker","f"
"","roeline","pasman"," roeline pasman","f"
"patrick","","pasquina","patrick pasquina","m"
"harvey","","pass","harvey pass","m"
"dharmintra","","pasupathy","dharmintra pasupathy","m"
"taral","","patel","taral patel","m"
"amit","","patel","amit patel","m"
"debora","","paterniti","debora paterniti","f"
"carrie","","patnode","carrie patnode","f"
"gregory","","pattakos","gregory pattakos","m"
"christopher","","patterson","christopher patterson","m"
"edward","","patz","edward patz","m"
"marianne","","pavel","marianne pavel","f"
"behzad","","pavri","behzad pavri","m"
"nina","","paynter","nina paynter","f"
"sue","","pedersen","sue pedersen","f"
"deborah","","peikes","deborah peikes","f"
"fabio","","pellegrini","fabio pellegrini","m"
"michael","","pencina","michael pencina","m"
"anne","","pereira","anne pereira","f"
"mark","","pereira","mark pereira","m"
"rogelio","","perez-padilla","rogelio perez-padilla","m"
"esteban","","pérez-rodríguez","esteban pérez-rodríguez","m"
"trish","","perl","trish perl","f"
"adam","","perlman","adam perlman","m"
"stephen","","persell","stephen persell","m"
"john","victor","peter","john victor peter","m"
"thomas","","peterman","thomas peterman","m"
"barry","","peters","barry peters","m"
"jaime","","peters","jaime peters","f"
"ronald","","petersen","ronald petersen","m"
"janey","","peterson","janey peterson","f"
"pamela","","peterson","pamela peterson","f"
"wilco","","peul","wilco peul","m"
"hoangmai","","pham","hoangmai pham","f"
"paul","","pharoah","paul pharoah","m"
"andrew","","phillips","andrew phillips","m"
"michael","","phillips","michael phillips","m"
"werner","","pichler","werner pichler","m"
"perry","","pickhardt","perry pickhardt","m"
"luc","","piérard","luc piérard","m"
"john","","piette","john piette","m"
"anouk","","pijpe","anouk pijpe","f"
"paul","","pilkington","paul pilkington","m"
"mark","","pimentel","mark pimentel","m"
"rafael","zambelli","pinto","rafael zambelli pinto","m"
"munir","","pirmohamed","munir pirmohamed","m"
"margaret","","pisani","margaret pisani","f"
"tobias","","pischon","tobias pischon","m"
"kaisu","","pitkala","kaisu pitkala","f"
"isabelle","","pitrou","isabelle pitrou","f"
"bertram","","pitt","bertram pitt","m"
"david","","planer","david planer","m"
"johannes","","plank","johannes plank","m"
"mark","","pletcher","mark pletcher","m"
"sabine-gisela","","plötz","sabine-gisela plötz","f"
"katherine","","poehling","katherine poehling","f"
"robert","","post","robert post","m"
"shelley","","potter","shelley potter","f"
"jerry","","powell","jerry powell","m"
"benjamin","","powers","benjamin powers","m"
"paolo","","prandoni","paolo prandoni","m"
"ross","","prentice","ross prentice","m"
"matthew","","press","matthew press","m"
"richard","","prince","richard prince","m"
"monique","","prinssen","monique prinssen","f"
"allan","","prochazka","allan prochazka","m"
"philippe","","prokocimer","philippe prokocimer","m"
"paul","","pronyk","paul pronyk","m"
"sarah","","lewington","sarah lewington","f"
"adria","tassy","prosser","adria tassy prosser","f"
"veerle","","provoost","veerle provoost","f"
"roman","","prymula","roman prymula","m"
"ching-hon","","pui","ching-hon pui","m"
"christian","","putensen","christian putensen","m"
"rehan","","qayyum","rehan qayyum","m"
"qibin","","qi","qibin qi","m"
"xian","","qi","xian qi","m"
"ping","","qin","ping qin","m"
"lyn","","quine","lyn quine","f"
"james","","quinn","james quinn","m"
"nadeem","","qureshi","nadeem qureshi","m"
"klaus","","rabe","klaus rabe","m"
"marsha","","raebel","marsha raebel","f"
"gilbert","","raff","gilbert raff","m"
"james","","raftery","james raftery","m"
"mahboob","","rahman","mahboob rahman","m"
"najib","","rahman","najib rahman","m"
"timothy","","rainer","timothy rainer","m"
"greta","","rait","greta rait","f"
"anita","","raj","anita raj","f"
"olaide","","raji","olaide raji","m"
"christopher","","ramsden","christopher ramsden","m"
"thomas","","rasmussen","thomas rasmussen","m"
"wolfgang","","rathmann","wolfgang rathmann","m"
"rainer","","rauramaa","rainer rauramaa","m"
"sunanda","","ray","sunanda ray","u"
"wayne","","ray","wayne ray","m"
"eric","","raymond","eric raymond","m"
"annette","","reboli","annette reboli","f"
"diane","","reddy","diane reddy","f"
"susan","","redline","susan redline","f"
"mathew","","reeves","mathew reeves","m"
"gordon","","reeves","gordon reeves","m"
"stephan","","reichenbach","stephan reichenbach","m"
"ian","","reid","ian reid","m"
"david","","reid","david reid","m"
"john","","reilly","john reilly","m"
"david","","rein","david rein","m"
"ben","","reis","ben reis","m"
"christiane","","reitz","christiane reitz","f"
"raoul","","reulen","raoul reulen","m"
"sandra","","reuter","sandra reuter","f"
"harmony","","reynolds","harmony reynolds","f"
"karin","","rhodes","karin rhodes","f"
"","brent","richards"," brent richards","m"
"philip","","riches","philip riches","m"
"sharon","","riddler","sharon riddler","f"
"paul","","ridker","paul ridker","m"
"rixt","","riemersma-van der lek","rixt riemersma-van der lek","f"
"judith","","rietjens","judith rietjens","f"
"john","","rigg","john rigg","m"
"","lawrence","riggs"," lawrence riggs","m"
"marc","","righini","marc righini","m"
"ge","","ri-li","ge ri-li","u"
"ephraim","","rimon","ephraim rimon","m"
"gregory","","robbins","gregory robbins","m"
"lesley","","roberts","lesley roberts","f"
"tracy","","roberts","tracy roberts","f"
"james","","roberts","james roberts","m"
"laura","","robertson","laura robertson","f"
"andrew","","robinson","andrew robinson","m"
"cassianne","","robinson-cohen","cassianne robinson-cohen","f"
"mike","","robling","mike robling","m"
"nicolas","","rodondi","nicolas rodondi","m"
"laura","","rodrigues","laura rodrigues","f"
"juan","","llibre rodriguez","juan llibre rodriguez","m"
"josanna","","rodriguez","josanna rodriguez","f"
"gema","","rodríguez-trigo","gema rodríguez-trigo","f"
"mary","","rogers","mary rogers","f"
"david","","rojas-rueda","david rojas-rueda","m"
"mary","","roman","mary roman","f"
"antonino","","romano","antonino romano","f"
"guglielmo","","ronco","guglielmo ronco","m"
"annemieke","","roos","annemieke roos","f"
"jonathan","","rosand","jonathan rosand","m"
"peter","","rose","peter rose","m"
"natalie","","rose","natalie rose","f"
"antoni","","rosell","antoni rosell","m"
"julio","","rosenstock","julio rosenstock","m"
"meredith","","rosenthal","meredith rosenthal","f"
"victor","","rosenthal","victor rosenthal","m"
"lone","","ross","lone ross","m"
"joseph","","ross","joseph ross","m"
"christine","","roth","christine roth","f"
"michael","","rothberg","michael rothberg","m"
"russell","","rothman","russell rothman","m"
"jeffrey","","rothschild","jeffrey rothschild","m"
"john","","routes","john routes","m"
"rianne","","rozendaal","rianne rozendaal","f"
"haya","","rubin","haya rubin","f"
"hanna","bloomfield","rubins","hanna bloomfield rubins","f"
"diana","","rucker","diana rucker","f"
"igor","","rudan","igor rudan","m"
"alicja","","rudnicka","alicja rudnicka","f"
"luis","miguel","ruilope","luis miguel ruilope","m"
"andrew","","rule","andrew rule","m"
"mark","","rupp","mark rupp","m"
"minna","","rusanen","minna rusanen","f"
"frank","","ruschitzka","frank ruschitzka","m"
"louise","","russell","louise russell","f"
"george","","rust","george rust","m"
"paul","","rutgeerts","paul rutgeerts","m"
"eduardo","","saad","eduardo saad","m"
"jinan","","saaddine","jinan saaddine","u"
"david","","saadoun","david saadoun","m"
"jane","","saczynski","jane saczynski","f"
"kyan","","safavi","kyan safavi","m"
"monika","","safford","monika safford","f"
"debasish","","saha","debasish saha","m"
"saroj","","saigal","saroj saigal","f"
"eila","","sailas","eila sailas","f"
"sameer","","saini","sameer saini","m"
"toshikazu","","saito","toshikazu saito","m"
"jordi","","salas-salvadó","jordi salas-salvadó","f"
"faouzi","","saliba","faouzi saliba","m"
"shelley","","salpeter","shelley salpeter","f"
"daniel","","salter","daniel salter","m"
"carlo","","salvarani","carlo salvarani","m"
"charles","marc","samama","charles marc samama","m"
"william","","sandborn","william sandborn","m"
"gillian","","sanders","gillian sanders","f"
"manjinder","","sandhu","manjinder sandhu","m"
"taylor","","sandison","taylor sandison","m"
"alan","","sandler","alan sandler","m"
"prachi","","sanghavi","prachi sanghavi","f"
"jitender","","sareen","jitender sareen","m"
"peter","","sasieni","peter sasieni","m"
"yoshihiro","","sato","yoshihiro sato","m"
"pierre-yves","","scarabin","pierre-yves scarabin","m"
"matthew","","scarborough","matthew scarborough","m"
"nikolaos","","scarmeas","nikolaos scarmeas","m"
"richard","","schacterle","richard schacterle","m"
"sean","","schafer","sean schafer","m"
"debra","","schaumberg","debra schaumberg","f"
"elizabeth","sumamo","schellenberg","elizabeth sumamo schellenberg","f"
"georg","","schett","georg schett","m"
"gordon","","schiff","gordon schiff","m"
"giuseppe","","schillaci","giuseppe schillaci","m"
"mark","","schleinitz","mark schleinitz","m"
"kathryn","","schmitz","kathryn schmitz","f"
"lon","","schneider","lon schneider","m"
"eric","","schneider","eric schneider","m"
"jeffrey","","schnipper","jeffrey schnipper","m"
"lisette","","schoonhoven","lisette schoonhoven","f"
"john","","schousboe","john schousboe","m"
"henrike","","schouten","henrike schouten","f"
"martin","","schrappe","martin schrappe","m"
"christoph","","schroeder","christoph schroeder","m"
"sam","","schulman","sam schulman","m"
"julie","","schultz","julie schultz","f"
"jeremiah","","schuur","jeremiah schuur","m"
"lisa","","schwartz","lisa schwartz","f"
"mark","","schwartz","mark schwartz","m"
"jennifer","","schwartz","jennifer schwartz","f"
"thomas","","schwarz","thomas schwarz","m"
"jeffrey","","schwimmer","jeffrey schwimmer","m"
"benjamin","","scirica","benjamin scirica","m"
"","anthony","scott"," anthony scott","m"
"anne","","scoular","anne scoular","f"
"malcolm","","sears","malcolm sears","m"
"leonardo","","sechi","leonardo sechi","m"
"johanna","","seddon","johanna seddon","f"
"gilda","","sedgh","gilda sedgh","f"
"art","","sedrakyan","art sedrakyan","m"
"diane","","seibert","diane seibert","f"
"jennifer","","seida","jennifer seida","f"
"elodie","","sellier","elodie sellier","f"
"elizabeth","","selvin","elizabeth selvin","f"
"richard","","semba","richard semba","m"
"srijan","","sen","srijan sen","m"
"hsien","","seow","hsien seow","m"
"thomas","","sequist","thomas sequist","m"
"sudha","","seshadri","sudha seshadri","f"
"howard","","sesso","howard sesso","m"
"arathi","","setty","arathi setty","m"
"jane","","seward","jane seward","f"
"justin","","sewell","justin sewell","m"
"nancy","","shadick","nancy shadick","f"
"mary-ann","","shafer","mary-ann shafer","f"
"robert","","shafer","robert shafer","m"
"jignesh","","shah","jignesh shah","m"
"rahman","","shah","rahman shah","m"
"vahakn","","shahinian","vahakn shahinian","m"
"tatyana","","shamliyan","tatyana shamliyan","f"
"seetha","","shankaran","seetha shankaran","f"
"leena","","sharma","leena sharma","f"
"gulshan","","sharma","gulshan sharma","f"
"trisha","","shattuck","trisha shattuck","f"
"sharon","","sheehan","sharon sheehan","f"
"ellen","","sheehy","ellen sheehy","f"
"karen","","sherman","karen sherman","f"
"andrew","","sherwood","andrew sherwood","m"
"meredith","","shiels","meredith shiels","f"
"henry","","shinefield","henry shinefield","m"
"cathy","","shipman","cathy shipman","f"
"yasushi","","shiratori","yasushi shiratori","m"
"sushmita","","shivkumar","sushmita shivkumar","f"
"michael","","shlipak","michael shlipak","m"
"kaveh","","shojania","kaveh shojania","m"
"molly","","shores","molly shores","f"
"jacqueline","baras","shreibati","jacqueline baras shreibati","f"
"ashfaq","","shuaib","ashfaq shuaib","m"
"jeffrey","","shuhaiber","jeffrey shuhaiber","m"
"irene","","shui","irene shui","f"
"asra","","siddiqui","asra siddiqui","f"
"davinder","","sidhu","davinder sidhu","m"
"john","","sievenpiper","john sievenpiper","m"
"alice","","sigurdson","alice sigurdson","f"
"sigmund","","silber","sigmund silber","m"
"danielle","","silverman","danielle silverman","f"
"camelia","","sima","camelia sima","f"
"edgar","","simard","edgar simard","m"
"mark","","simmonds","mark simmonds","m"
"gérald","","simonneau","gérald simonneau","m"
"emily","","simons","emily simons","f"
"sheldon","","singh","sheldon singh","m"
"hardeep","","singh","hardeep singh","m"
"peter","","sinnaeve","peter sinnaeve","m"
"george","","siontis","george siontis","m"
"ilke","","sipahi","ilke sipahi","m"
"sergio","","siragusa","sergio siragusa","m"
"brenda","","sirovich","brenda sirovich","f"
"jane","","sisk","jane sisk","f"
"stephen","","sisson","stephen sisson","m"
"håvard","ove","skjerven","håvard ove skjerven","m"
"rebeccah","","slater","rebeccah slater","f"
"pauline","","slottje","pauline slottje","f"
"kersten","","small","kersten small","f"
"","bruce","smith"," bruce smith","m"
"alexander","","smith","alexander smith","m"
"stevens","","smith","stevens smith","m"
"craig","","smith","craig smith","m"
"rebecca","","smith-bindman","rebecca smith-bindman","f"
"crystal","","smith-spangler","crystal smith-spangler","f"
"kim","","smolderen","kim smolderen","f"
"jordan","","smoller","jordan smoller","m"
"alan","","smyth","alan smyth","m"
"soham","","al snih","soham al snih","f"
"matthew","","solomon","matthew solomon","m"
"daniel","","solomon","daniel solomon","m"
"henrik","toft","sørensen","henrik toft sørensen","m"
"rikke","","sørensen","rikke sørensen","f"
"maryfran","","sowers","maryfran sowers","f"
"pierre","","amarenco","pierre amarenco","m"
"benjamin","","speich","benjamin speich","m"
"frederick","","spencer","frederick spencer","m"
"joann","","sperl-hillen","joann sperl-hillen","f"
"paul","","spiegel","paul spiegel","m"
"gregory","","albers","gregory albers","m"
"paul","","stallard","paul stallard","m"
"melinda","","stanley","melinda stanley","f"
"anke","","steckelberg","anke steckelberg","f"
"norbert","","stefan","norbert stefan","m"
"marcia","","stefanick","marcia stefanick","f"
"philippe","gabriel","steg","philippe gabriel steg","m"
"paul","","stein","paul stein","m"
"gerhard","","steinbeck","gerhard steinbeck","m"
"michael","","steinman","michael steinman","m"
"henry","thomas","stelfox","henry thomas stelfox","m"
"ulf","","stenestrand","ulf stenestrand","m"
"william","","stenson","william stenson","m"
"iain","","stephenson","iain stephenson","m"
"kathleen","","stergiopoulos","kathleen stergiopoulos","f"
"timothy","","sterling","timothy sterling","m"
"michael","","stern","michael stern","m"
"scott","","stevens","scott stevens","m"
"adam","","steventon","adam steventon","m"
"scott","","stewart","scott stewart","m"
"chad","","stickrath","chad stickrath","m"
"ian","","stiell","ian stiell","m"
"karen","","stockl","karen stockl","f"
"tim","","stokes","tim stokes","m"
"rachael","","stolzenberg-solomon","rachael stolzenberg-solomon","f"
"gregg","","stone","gregg stone","m"
"katherine","","stothard","katherine stothard","f"
"saverio","","stranges","saverio stranges","m"
"sabine","","straus","sabine straus","f"
"pasquale","","striano","pasquale striano","m"
"thea","","strieder","thea strieder","f"
"alison","","stuebe","alison stuebe","f"
"til","","stürmer","til stürmer","m"
"pedro","","suárez","pedro suárez","m"
"sachin","","sud","sachin sud","m"
"sebastian","","suerbaum","sebastian suerbaum","m"
"mark","","sullivan","mark sullivan","m"
"catherine","","sullivan","catherine sullivan","f"
"anne","","sumner","anne sumner","f"
"qi","","sun","qi sun","m"
"xin","","sun","xin sun","u"
"shyam","","sundar","shyam sundar","m"
"joseph","","sung","joseph sung","m"
"pål","","surén","pål surén","m"
"rakesh","","suri","rakesh suri","m"
"nanthia","","suthana","nanthia suthana","f"
"kim","","sutton-tyrrell","kim sutton-tyrrell","f"
"henrik","","svanström","henrik svanström","m"
"gary","","swan","gary swan","m"
"philippe","","szapary","philippe szapary","m"
"harry","","tagbor","harry tagbor","m"
"taha","","taha","taha taha","m"
"philippa","","talmud","philippa talmud","f"
"robyn","","tamblyn","robyn tamblyn","f"
"","martin","tammemagi"," martin tammemagi","m"
"masahiro","","tanaka","masahiro tanaka","m"
"ning","","tang","ning tang","f"
"navdeep","","tangri","navdeep tangri","m"
"richard","","tannen","richard tannen","m"
"cara","","tannenbaum","cara tannenbaum","f"
"catherine","","tansey","catherine tansey","f"
"carolyn","","tarrant","carolyn tarrant","f"
"donald","","tashkin","donald tashkin","m"
"deborah","","tate","deborah tate","f"
"eriko","","tateishi-yuyama","eriko tateishi-yuyama","m"
"angelo","","taveira-dasilva","angelo taveira-dasilva","m"
"kathryn","","taylor","kathryn taylor","f"
"paris","","tekkis","paris tekkis","m"
"milena","gurgel","teles","milena gurgel teles","f"
"marije","","ten wolde","marije ten wolde","f"
"joan","","teno","joan teno","f"
"gunnar","","tepe","gunnar tepe","m"
"teruhiko","","terasawa","teruhiko terasawa","m"
"kathryn","","terry","kathryn terry","f"
"george","","thanassoulis","george thanassoulis","m"
"sudhin","","thayyil","sudhin thayyil","m"
"chloe","","thio","chloe thio","f"
"randal","","thomas","randal thomas","m"
"matthew","","thompson","matthew thompson","m"
"reimar","","thomsen","reimar thomsen","m"
"mette","","thomsen","mette thomsen","m"
"jeffrey","","tice","jeffrey tice","m"
"justin","","timbie","justin timbie","m"
"mary","","tinetti","mary tinetti","f"
"henry","","ting","henry ting","m"
"amir","","tirosh","amir tirosh","m"
"sengwee","","toh","sengwee toh","m"
"wietse","","tol","wietse tol","m"
"cecilia","","tomassini","cecilia tomassini","f"
"eric","","topol","eric topol","m"
"anna","","tosteson","anna tosteson","f"
"amytis","","towfighi","amytis towfighi","f"
"anne","","townsend","anne townsend","f"
"antonia","","trichopoulou","antonia trichopoulou","f"
"elizabeth","","tronstein","elizabeth tronstein","f"
"","bourdin","trunz"," bourdin trunz","f"
"thomas","","tsai","thomas tsai","m"
"chin-lin","","tseng","chin-lin tseng","m"
"judith","","tsui","judith tsui","f"
"roderick","","tung","roderick tung","m"
"ruth","","tuomala","ruth tuomala","f"
"lindsay","","turnbull","lindsay turnbull","f"
"charles","","turner","charles turner","m"
"barbara","","turner","barbara turner","f"
"ioanna","","tzoulaki","ioanna tzoulaki","f"
"kanji","","uchida","kanji uchida","m"
"edward","","uchio","edward uchio","m"
"andré","","uitterlinden","andré uitterlinden","m"
"jürgen","","unützer","jürgen unützer","m"
"ashish","","upadhyay","ashish upadhyay","m"
"christopher","","murray","christopher murray","u"
"daniel","","uslan","daniel uslan","m"
"olalekan","","uthman","olalekan uthman","m"
"viola","","vaccarino","viola vaccarino","f"
"anjana","","vaidya","anjana vaidya","f"
"nestor","","vain","nestor vain","m"
"dino","","vaira","dino vaira","m"
"margarite","","vale","margarite vale","f"
"juan","","valle","juan valle","m"
"sophie","","valleix","sophie valleix","f"
"willemien","","van de water","willemien van de water","f"
"ingrid","","van den broek","ingrid van den broek","f"
"ann","","van den bruel","ann van den bruel","f"
"wilbert","","van den hout","wilbert van den hout","m"
"paul","","van der linden","paul van der linden","m"
"jenny","","van der steen","jenny van der steen","f"
"merel","","van maarle","merel van maarle","f"
"wouter","","van marken lichtenbelt","wouter van marken lichtenbelt","m"
"marco","","van strijen","marco van strijen","m"
"carl","","van walraven","carl van walraven","m"
"mark","","vander lugt","mark vander lugt","m"
"mark","","vanderpump","mark vanderpump","m"
"ramachandran","","vasan","ramachandran vasan","m"
"despoina","","vasilakou","despoina vasilakou","f"
"robert","","vassallo","robert vassallo","m"
"talitha","","verhoef","talitha verhoef","f"
"yury","","verlinsky","yury verlinsky","m"
"marcel","","verweij","marcel verweij","m"
"timo","","vesikari","timo vesikari","m"
"mogens","","vestergaard","mogens vestergaard","m"
"andrew","","vickers","andrew vickers","m"
"ronald","","victor","ronald victor","m"
"maría","","vidán","maría vidán","f"
"dennis","","villareal","dennis villareal","m"
"ajeet","","vinayak","ajeet vinayak","m"
"sébastien","","vincendeau","sébastien vincendeau","m"
"jean-louis","","vincent","jean-louis vincent","m"
"russell","","viner","russell viner","m"
"yana","","vinogradova","yana vinogradova","f"
"salim","","virani","salim virani","m"
"kirsi","","virtanen","kirsi virtanen","f"
"deepak","","vivekananthan","deepak vivekananthan","m"
"dirk","","vlasselaers","dirk vlasselaers","m"
"benjamin","","voight","benjamin voight","m"
"angelo","","volandes","angelo volandes","m"
"michael","","volk","michael volk","m"
"ronald","","van vollenhoven","ronald van vollenhoven","m"
"kevin","","volpp","kevin volpp","m"
"ajay","","vora","ajay vora","m"
"uraiwan","","vuttanont","uraiwan vuttanont","m"
"claire","","waddington","claire waddington","f"
"margda","","waern","margda waern","f"
"tor","","wager","tor wager","m"
"john","","wagner","john wagner","m"
"nils","","wahlgren","nils wahlgren","m"
"hans","","wahrenberg","hans wahrenberg","m"
"melissa","","wake","melissa wake","f"
"melanie","","wakefield","melanie wakefield","f"
"rochelle","","walensky","rochelle walensky","f"
"lisa","","walke","lisa walke","f"
"gregor","","walker","gregor walker","m"
"jan","","walker","jan walker","f"
"jan","","wallenborn","jan wallenborn","m"
"alexander","","walley","alexander walley","m"
"anne","","walling","anne walling","f"
"","timothy","walsh"," timothy walsh","m"
"edward","","walsh","edward walsh","m"
"thomas","","walsh","thomas walsh","m"
"thom","","walsh","thom walsh","m"
"hannes","","wandt","hannes wandt","m"
"youfa","","wang","youfa wang","m"
"first_name","middle_name","last_name","full_name","gender"
"norman","","wang","norman wang","m"
"tracy","","wang","tracy wang","f"
"amy","","wang","amy wang","f"
"chen","","wang","chen wang","u"
"michael","","wang","michael wang","m"
"guoying","","wang","guoying wang","m"
"","goya","wannamethee"," goya wannamethee","f"
"ronald","","wapner","ronald wapner","m"
"joel","","ward","joel ward","m"
"heather","","ward","heather ward","f"
"joan","","warren","joan warren","f"
"asra","","warsi","asra warsi","f"
"patrice","","watson","patrice watson","f"
"john","","watson","john watson","m"
"deborah","","watson-jones","deborah watson-jones","f"
"","heather","watts"," heather watts","f"
"wendy","","weber","wendy weber","f"
"angela","","webster","angela webster","f"
"erich","","wedam","erich wedam","m"
"william","","weeks","william weeks","m"
"saul","","weiner","saul weiner","m"
"katie","","weinger","katie weinger","f"
"amy","","weinstein","amy weinstein","f"
"william","","weintraub","william weintraub","m"
"christopher","","weis","christopher weis","m"
"steven","","weisbord","steven weisbord","m"
"steven","","weisman","steven weisman","m"
"stuart","","weiss","stuart weiss","m"
"lauren","","weiss","lauren weiss","f"
"","gilbert","welch"," gilbert welch","m"
"james","","welker","james welker","m"
"philip","","wells","philip wells","m"
"brian","","wells","brian wells","m"
"chi","pang","wen","chi pang wen","m"
"david","","wendler","david wendler","m"
"neil","","wenger","neil wenger","m"
"david","","wennberg","david wennberg","m"
"rachel","","werner","rachel werner","f"
"susan","","west","susan west","f"
"sheila","","west","sheila west","f"
"colin","","west","colin west","m"
"stephen","","westaby","stephen westaby","m"
"johanna","","westbrook","johanna westbrook","f"
"","william","wester"," william wester","m"
"hugo","","westerlund","hugo westerlund","m"
"kate","","wheeler","kate wheeler","f"
"timothy","","whelan","timothy whelan","m"
"paul","","whelton","paul whelton","m"
"peter","","white","peter white","m"
"richard","","white","richard white","m"
"rachel","","whitmer","rachel whitmer","f"
"mary","","whooley","mary whooley","f"
"dominic","","wichmann","dominic wichmann","m"
"kimberly","","wiegand","kimberly wiegand","f"
"renda","soylemez","wiener","renda soylemez wiener","f"
"jeff","","wiese","jeff wiese","m"
"duminda","","wijeysundera","duminda wijeysundera","m"
"rachel","","wildman","rachel wildman","f"
"denise","","wilfley","denise wilfley","f"
"carole","","willi","carole willi","f"
"michael","","wilschanski","michael wilschanski","m"
"robert","","wilson","robert wilson","m"
"david","","wilson","david wilson","m"
"lindon","","wing","lindon wing","m"
"rena","","wing","rena wing","f"
"wolfgang","","winkelmayer","wolfgang winkelmayer","m"
"almut","","winterstein","almut winterstein","m"
"tania","","winzenberg","tania winzenberg","f"
"robert","","wise","robert wise","m"
"joseph","","wislar","joseph wislar","m"
"juan","","wisnivesky","juan wisnivesky","m"
"daniel","","witt","daniel witt","m"
"ilan","","wittstein","ilan wittstein","m"
"hans","","woerle","hans woerle","m"
"michael","","wolf","michael wolf","m"
"steven","","woloshin","steven woloshin","m"
"nelson","","wolosker","nelson wolosker","m"
"tien","yin","wong","tien yin wong","m"
"yu-ning","","wong","yu-ning wong","f"
"nathan","","wong","nathan wong","m"
"patrick","","woo","patrick woo","m"
"alexi","","wright","alexi wright","f"
"stephen","","wroe","stephen wroe","m"
"wen-chih","","wu","wen-chih wu","m"
"diane","","wysowski","diane wysowski","f"
"qian","","xiao","qian xiao","u"
"mingzhao","","xing","mingzhao xing","m"
"kristine","","yaffe","kristine yaffe","f"
"yoshiji","","yamada","yoshiji yamada","m"
"andrew","","yan","andrew yan","m"
"kiyoshi","","yanagisawa","kiyoshi yanagisawa","m"
"william","","yancy","william yancy","m"
"da","","yang","da yang","m"
"gonghuan","","yang","gonghuan yang","m"
"quanhe","","yang","quanhe yang","u"
"veronica","","yank","veronica yank","f"
"jack","","yanovski","jack yanovski","m"
"james","","yao","james yao","m"
"lucy","","yardley","lucy yardley","f"
"john","","yates","john yates","m"
"robert","","yeh","robert yeh","m"
"gloria","","yeh","gloria yeh","f"
"yoko","","yokoyama","yoko yokoyama","m"
"kol","jia","yong","kol jia yong","f"
"marianne","ulcickas","yood","marianne ulcickas yood","f"
"jaclyn","","yoong","jaclyn yoong","f"
"terry","","young","terry young","m"
"bridget","","young","bridget young","f"
"annie","","young","annie young","f"
"henry","","yu","henry yu","m"
"hongjie","","yu","hongjie yu","m"
"leo","","zacharski","leo zacharski","m"
"woodie","","zachry","woodie zachry","m"
"neil","","zakai","neil zakai","m"
"chunliu","","zhan","chunliu zhan","m"
"shihai","","zhang","shihai zhang","m"
"fujie","","zhang","fujie zhang","m"
"yuting","","zhang","yuting zhang","f"
"xinzhi","","zhang","xinzhi zhang","m"
"yiyi","","zhang","yiyi zhang","f"
"ying","","zhao","ying zhao","f"
"jin-ping","","zheng","jin-ping zheng","m"
"li","","zhou","li zhou","f"
"feng-cai","","zhu","feng-cai zhu","m"
"david","","ziemer","david ziemer","m"
"eyal","","zimlichman","eyal zimlichman","m"
"camilla","","zimmermann","camilla zimmermann","f"
"david","","zingmond","david zingmond","m"
"issaka","","zongo","issaka zongo","m"
"donna","","zulman","donna zulman","f"
