"first_name","middle_name","last_name","full_name","gender"
"norman","","wang","norman wang","m"
"tracy","","wang","tracy wang","f"
"amy","","wang","amy wang","f"
"chen","","wang","chen wang","u"
"michael","","wang","michael wang","m"
"guoying","","wang","guoying wang","m"
"","goya","wannamethee"," goya wannamethee","f"
"ronald","","wapner","ronald wapner","m"
"joel","","ward","joel ward","m"
"heather","","ward","heather ward","f"
"joan","","warren","joan warren","f"
"asra","","warsi","asra warsi","f"
"patrice","","watson","patrice watson","f"
"john","","watson","john watson","m"
"deborah","","watson-jones","deborah watson-jones","f"
"","heather","watts"," heather watts","f"
"wendy","","weber","wendy weber","f"
"angela","","webster","angela webster","f"
"erich","","wedam","erich wedam","m"
"william","","weeks","william weeks","m"
"saul","","weiner","saul weiner","m"
"katie","","weinger","katie weinger","f"
"amy","","weinstein","amy weinstein","f"
"william","","weintraub","william weintraub","m"
"christopher","","weis","christopher weis","m"
"steven","","weisbord","steven weisbord","m"
"steven","","weisman","steven weisman","m"
"stuart","","weiss","stuart weiss","m"
"lauren","","weiss","lauren weiss","f"
"","gilbert","welch"," gilbert welch","m"
"james","","welker","james welker","m"
"philip","","wells","philip wells","m"
"brian","","wells","brian wells","m"
"chi","pang","wen","chi pang wen","m"
"david","","wendler","david wendler","m"
"neil","","wenger","neil wenger","m"
"david","","wennberg","david wennberg","m"
"rachel","","werner","rachel werner","f"
"susan","","west","susan west","f"
"sheila","","west","sheila west","f"
"colin","","west","colin west","m"
"stephen","","westaby","stephen westaby","m"
"johanna","","westbrook","johanna westbrook","f"
"","william","wester"," william wester","m"
"hugo","","westerlund","hugo westerlund","m"
"kate","","wheeler","kate wheeler","f"
"timothy","","whelan","timothy whelan","m"
"paul","","whelton","paul whelton","m"
"peter","","white","peter white","m"
"richard","","white","richard white","m"
"rachel","","whitmer","rachel whitmer","f"
"mary","","whooley","mary whooley","f"
"dominic","","wichmann","dominic wichmann","m"
"kimberly","","wiegand","kimberly wiegand","f"
"renda","soylemez","wiener","renda soylemez wiener","f"
"jeff","","wiese","jeff wiese","m"
"duminda","","wijeysundera","duminda wijeysundera","m"
"rachel","","wildman","rachel wildman","f"
"denise","","wilfley","denise wilfley","f"
"carole","","willi","carole willi","f"
"michael","","wilschanski","michael wilschanski","m"
"robert","","wilson","robert wilson","m"
"david","","wilson","david wilson","m"
"lindon","","wing","lindon wing","m"
"rena","","wing","rena wing","f"
"wolfgang","","winkelmayer","wolfgang winkelmayer","m"
"almut","","winterstein","almut winterstein","m"
"tania","","winzenberg","tania winzenberg","f"
"robert","","wise","robert wise","m"
"joseph","","wislar","joseph wislar","m"
"juan","","wisnivesky","juan wisnivesky","m"
"daniel","","witt","daniel witt","m"
"ilan","","wittstein","ilan wittstein","m"
"hans","","woerle","hans woerle","m"
"michael","","wolf","michael wolf","m"
"steven","","woloshin","steven woloshin","m"
"nelson","","wolosker","nelson wolosker","m"
"tien","yin","wong","tien yin wong","m"
"yu-ning","","wong","yu-ning wong","f"
"nathan","","wong","nathan wong","m"
"patrick","","woo","patrick woo","m"
"alexi","","wright","alexi wright","f"
"stephen","","wroe","stephen wroe","m"
"wen-chih","","wu","wen-chih wu","m"
"diane","","wysowski","diane wysowski","f"
"qian","","xiao","qian xiao","u"
"mingzhao","","xing","mingzhao xing","m"
"kristine","","yaffe","kristine yaffe","f"
"yoshiji","","yamada","yoshiji yamada","m"
"andrew","","yan","andrew yan","m"
"kiyoshi","","yanagisawa","kiyoshi yanagisawa","m"
"william","","yancy","william yancy","m"
"da","","yang","da yang","m"
"gonghuan","","yang","gonghuan yang","m"
"quanhe","","yang","quanhe yang","u"
"veronica","","yank","veronica yank","f"
"jack","","yanovski","jack yanovski","m"
"james","","yao","james yao","m"
"lucy","","yardley","lucy yardley","f"
"john","","yates","john yates","m"
"robert","","yeh","robert yeh","m"
"gloria","","yeh","gloria yeh","f"
"yoko","","yokoyama","yoko yokoyama","m"
"kol","jia","yong","kol jia yong","f"
"marianne","ulcickas","yood","marianne ulcickas yood","f"
"jaclyn","","yoong","jaclyn yoong","f"
"terry","","young","terry young","m"
"bridget","","young","bridget young","f"
"annie","","young","annie young","f"
"henry","","yu","henry yu","m"
"hongjie","","yu","hongjie yu","m"
"leo","","zacharski","leo zacharski","m"
"woodie","","zachry","woodie zachry","m"
"neil","","zakai","neil zakai","m"
"chunliu","","zhan","chunliu zhan","m"
"shihai","","zhang","shihai zhang","m"
"fujie","","zhang","fujie zhang","m"
"yuting","","zhang","yuting zhang","f"
"xinzhi","","zhang","xinzhi zhang","m"
"yiyi","","zhang","yiyi zhang","f"
"ying","","zhao","ying zhao","f"
"jin-ping","","zheng","jin-ping zheng","m"
"li","","zhou","li zhou","f"
"feng-cai","","zhu","feng-cai zhu","m"
"david","","ziemer","david ziemer","m"
"eyal","","zimlichman","eyal zimlichman","m"
"camilla","","zimmermann","camilla zimmermann","f"
"david","","zingmond","david zingmond","m"
"issaka","","zongo","issaka zongo","m"
"donna","","zulman","donna zulman","f"
