"first_name","middle_name","last_name","full_name","gender"
"ben","da","zhou","ben da zhou","u"
"agnese","","di-castro","agnese  di-castro","f"
"michael","","szarek","michael  szarek","m"
"yumiko","","watanabe","yumiko  watanabe","f"
"shaoqing","","liu","shaoqing  liu","m"
"kelong","","zhang","kelong  zhang","u"
"jinxiang","","yu","jinxiang  yu","u"
"yuecheng","","zhang","yuecheng  zhang","u"
"kenjiro","","yamada","kenjiro  yamada","m"
"po","","zhang","po  zhang","u"
"hon","kit","wai","hon kit wai","u"
"bao","wen","sun","bao wen sun","u"
"byoung","chan","lee","byoung chan lee","u"
"qunfeng","","yang","qunfeng  yang","u"
"peter","","nickolas","peter  nickolas","m"
"rosario","","di-nardo","rosario  di-nardo","u"
"hiroshi","","okuno","hiroshi  okuno","m"
"shunpu","","zhang","shunpu  zhang","m"
"praveen","","agarwal","praveen  agarwal","m"
"phoebe","","hoidn","phoebe  hoidn","f"
"jacques","","pontier","jacques  pontier","u"
"james","","king","james  king","m"
"helena","","samajova","helena  samajova","f"
"george","","lowther","george  lowther","m"
"michael","","robertson","michael  robertson","u"
"carlos","renato","vazquez","carlos renato vazquez","m"
"yuan","","xu","yuan  xu","m"
"b","jo","ptashnyk","b jo ptashnyk","m"
"max","","landsberg","max  landsberg","m"
"xuanping","","huang","xuanping  huang","u"
"bjorn","","jahren","bjorn  jahren","m"
"smarajit","","bose","smarajit  bose","m"
"geoffrey","","ginsburg","geoffrey  ginsburg","m"
"chao","zhu","zhang","chao zhu zhang","u"
"jingbo","","yu","jingbo  yu","u"
"ehud","","lehrer","ehud  lehrer","m"
"shanghsien","","lin","shanghsien  lin","u"
"dilek","","gulten","dilek  gulten","f"
"masaru","","takeuchi","masaru  takeuchi","m"
"carlos","","ruiz-salguero","carlos  ruiz-salguero","m"
"xiongping","","luo","xiongping  luo","u"
"adam","","van-tuyl","adam  van-tuyl","m"
"jwu","sheng","hu","jwu sheng hu","m"
"shengzhi","","zhu","shengzhi  zhu","u"
"eric","","johnson","eric  johnson","m"
"percy","","pierre","percy  pierre","m"
"charles","","vuono","charles  vuono","m"
"wai","king","ching","wai king ching","u"
"maria","conception","carvalho","maria conception carvalho","f"
"feng","","rong","feng  rong","m"
"bowen","","yu","bowen  yu","m"
"paul","","kuhn","paul  kuhn","m"
"shigeki","","ohyanagi","shigeki  ohyanagi","m"
"zongyuan","","huang","zongyuan  huang","u"
"alexander","","andronov","alexander  andronov","m"
"luoluo","","liu","luoluo  liu","u"
"jirapha","","limbupasiriporn","jirapha  limbupasiriporn","f"
"cai","gui","liu","cai gui liu","u"
"rodica","","boliac","rodica  boliac","f"
"jan","tijmen","udding","jan tijmen udding","m"
"steve","","rosencrans","steve  rosencrans","m"
"hsueh","chuan","liu","hsueh chuan liu","m"
"dae","","jong","dae  jong","u"
"eberhard","","siebert","eberhard  siebert","m"
"bernard","","dwork","bernard  dwork","m"
"gusztav","","rados","gusztav  rados","m"
"frieder","jens","lange","frieder jens lange","m"
"sara","","mohanty","sara  mohanty","f"
"jesse","","beder","jesse  beder","m"
"timothy","","wagenmaker","timothy  wagenmaker","m"
"yasuyuki","","maeda","yasuyuki  maeda","m"
"chunyang","","yuan","chunyang  yuan","u"
"ahmed","","zeriahi","ahmed  zeriahi","m"
"cheng","wei","chen","cheng wei chen","u"
"yahya","","mezroui","yahya  mezroui","u"
"syuichi","","yaguchi","syuichi  yaguchi","u"
"johann","","brauchart","johann  brauchart","m"
"niclas","","sjogren","niclas  sjogren","m"
"john","wilson","calkin","john wilson calkin","m"
"luquan","","pan","luquan  pan","u"
"igor","","litvin","igor  litvin","m"
"benhadid","","ayache","benhadid  ayache","u"
"yamin","","ma","yamin  ma","u"
"leming","","cheng","leming  cheng","u"
"zvezdelina","","stankova-frenkel","zvezdelina  stankova-frenkel","f"
"junkyun","","choi","junkyun  choi","m"
"giuliana","","bianchi","giuliana  bianchi","f"
"haim","","reingold","haim  reingold","m"
"gavin","","shaddick","gavin  shaddick","m"
"tack","wang","lee","tack wang lee","u"
"angel","","dichev","angel  dichev","m"
"algimantas","","janusauskas","algimantas  janusauskas","m"
"ravi","","kumar","ravi  kumar","m"
"henning","","petzka","henning  petzka","m"
"paul","","yang","paul  yang","m"
"robert","","roe","robert  roe","m"
"francis","","leahy","francis  leahy","u"
"yanwen","","shang","yanwen  shang","m"
"percy","","sanchez","percy  sanchez","m"
"gregory","","white","gregory  white","m"
