"first_name","middle_name","last_name","full_name","gender"
"Marion","","Haas","Marion Haas","f"
"Courtney","","Sheen","Courtney Sheen","f"
"Antonia","","Neels","Antonia Neels","f"
"Jaime","","Patera","Jaime Patera","f"
"Jan","","Crowley","Jan Crowley","f"
"Shashi","Prabha","Dubey","Shashi Prabha Dubey","f"
"Lesley","","Breech","Lesley Breech","f"
"Lesley","","King","Lesley King","f"
"Jean","","Carlson","Jean Carlson","f"
"Youn","kyung","Lim","Youn kyung Lim","f"
"Rene","","Veikondis","Rene Veikondis","f"
"Jin","Sook","Yoon","Jin Sook Yoon","f"
"Marion","","Lanier","Marion Lanier","f"
"Kelly","","Dunham","Kelly Dunham","f"
"Jamie","","Voyles","Jamie Voyles","f"
"Aubrey","","Kelly","Aubrey Kelly","f"
"Lee","Mei","Yap","Lee Mei Yap","f"
"Lynn","","Morris","Lynn Morris","f"
"Courtney","","Abrams","Courtney Abrams","f"
"Dana","","Sturtevant","Dana Sturtevant","f"
"Kim","","Radda","Kim Radda","f"
"Nishita","","Kothary","Nishita Kothary","f"
"Marty","","Zdichavsky","Marty Zdichavsky","f"
"Kelly","","Crosthwaite","Kelly Crosthwaite","f"
"Stacy","","Caillier","Stacy Caillier","f"
"Raja","","Luthra","Raja Luthra","f"
"Leslie","","Muldoon","Leslie Muldoon","f"
"Robin","","McLeod","Robin McLeod","f"
"Kerry","","McIver","Kerry McIver","f"
"Courtney","","McKnight","Courtney McKnight","f"
"Sydney","","Hans","Sydney Hans","f"
"Rosario","","Garcia Gimenez","Rosario Garcia Gimenez","f"
"Kim","Phuong","Vu","Kim Phuong Vu","f"
"Sri","Devi","Narasimhan","Sri Devi Narasimhan","f"
"Jean","","Vance","Jean Vance","f"
"Tracey","","Edwards","Tracey Edwards","f"
"Cong","Xiao","Wang","Cong Xiao Wang","f"
"Chang","Hyun","Kim","Chang Hyun Kim","f"
"Tracy","","Brewer","Tracy Brewer","f"
"Robin","","Patel","Robin Patel","f"
"Michal","","Ayalon-Sofer","Michal Ayalon-Sofer","f"
"Leslie","","Rosado","Leslie Rosado","f"
"Lindsey","","Anderson","Lindsey Anderson","f"
"Val","","Harpin","Val Harpin","f"
"Rejane","Mansur","Nogueira","Rejane Mansur Nogueira","f"
"Lesley","","Smith","Lesley Smith","f"
"Shelby","","Reinstein","Shelby Reinstein","f"
"Guadalupe","","Corral","Guadalupe Corral","f"
"Leslie","","Dodd","Leslie Dodd","f"
"Youn","Soo","Kim","Youn Soo Kim","f"
"Tracey","","Bucknall","Tracey Bucknall","f"
"Jie","Jin","Wang","Jie Jin Wang","f"
"Shannon","","Lupien","Shannon Lupien","f"
"Marion","","Damm","Marion Damm","f"
"Marion","","Damm","Marion Damm","f"
"Taciana","Marco","Ferraz Caneppele","Taciana Marco Ferraz Caneppele","f"
"Stacy","","Loeb","Stacy Loeb","f"
"Anu","","Aluoja","Anu Aluoja","f"
"Kerry","","Ettridge","Kerry Ettridge","f"
"Dominique","","Costagliola","Dominique Costagliola","f"
"Kim","","Sutton-Tyrrell","Kim Sutton-Tyrrell","f"
"Lesley","","Arnold","Lesley Arnold","f"
"Whitney","","Wenger","Whitney Wenger","f"
"Jie","Jin","Wang","Jie Jin Wang","f"
"Neelam","","Pushker","Neelam Pushker","f"
"Chris","","Yeager","Chris Yeager","f"
"Jamie","","L'Heureux","Jamie L'Heureux","f"
"Jean","","Moran","Jean Moran","f"
"Kim","Butts","Pauly","Kim Butts Pauly","f"
"Kelly","","Arbour-Nicitopoulos","Kelly Arbour-Nicitopoulos","f"
"Dominique","","Weis","Dominique Weis","f"
"Stacy","","Trey","Stacy Trey","f"
"Gwenael","","Vourc'h","Gwenael Vourc'h","f"
"Leslie","","Leinwand","Leslie Leinwand","f"
"Kim","","Baldridge","Kim Baldridge","f"
"Ollie","","Gonzalez-James","Ollie Gonzalez-James","f"
"Jamie","","Hurcom","Jamie Hurcom","f"
"Anu","","Mikkonen","Anu Mikkonen","f"
"Robin","","Keister","Robin Keister","f"
"Kelly","","Cosgrove","Kelly Cosgrove","f"
"Chris","Brown","Mahoney","Chris Brown Mahoney","f"
"Jean","","Gilmour","Jean Gilmour","f"
"Antonia","Maria","das Gracas Lopes Cito","Antonia Maria das Gracas Lopes Cito","f"
"Kim","","Cornish","Kim Cornish","f"
"Lyubov","","Burlakova","Lyubov Burlakova","f"
"Leslie","","Baumann","Leslie Baumann","f"
"Jung","Eun","Lee","Jung Eun Lee","f"
"Lesley","","Miller","Lesley Miller","f"
"Lynn","","Steinbrenner","Lynn Steinbrenner","f"
"Makoto","","Taniguchi","Makoto Taniguchi","u"
"Stacey","","Bent","Stacey Bent","u"
"Rene","","Schloss","Rene Schloss","u"
"Christian","","Bula","Christian Bula","u"
"Juergen","","Hafner","Juergen Hafner","u"
"Young","Pil","Park","Young Pil Park","u"
"Young","Pil","Park","Young Pil Park","u"
"Jaime","","Hart","Jaime Hart","u"
"Young","Bum","Kim","Young Bum Kim","u"
"Jae","Woong","Hwang","Jae Woong Hwang","u"
"Maiko","","Suzuki","Maiko Suzuki","u"
"Jean","Michel","Vandeweerd","Jean Michel Vandeweerd","u"
"Jae","","Youn","Jae Youn","u"
"Jin","Hee","Woo","Jin Hee Woo","u"
"Young","Han","Song","Young Han Song","u"
"Takehiko","","Yamato","Takehiko Yamato","u"
"Lee","","Ellis","Lee Ellis","u"
"Marion","","Pavlic","Marion Pavlic","u"
"Limor","","Rosenberg","Limor Rosenberg","u"
"Shigenobu","","Kanba","Shigenobu Kanba","u"
"Jean","Louis","Marty","Jean Louis Marty","u"
"Jean","Pierre","Dognon","Jean Pierre Dognon","u"
"Jan","Ove","Ebbestad","Jan Ove Ebbestad","u"
"Akira","","Matsuo","Akira Matsuo","u"
"Jean","Marie","Saudubray","Jean Marie Saudubray","u"
"Alexis","","Demonbreun","Alexis Demonbreun","u"
"Su","Young","Kim","Su Young Kim","u"
"Robin","","Christensen","Robin Christensen","u"
"Lesley","","Owen","Lesley Owen","u"
"Christian","","Steensen","Christian Steensen","u"
"Go","","Hasegawa","Go Hasegawa","u"
"Katsumi","","Ueno","Katsumi Ueno","u"
"Akira","","Goto","Akira Goto","u"
"Michel","","Cathelineau","Michel Cathelineau","u"
"Chi","Sing","Lam","Chi Sing Lam","u"
"Leslie","","Powell","Leslie Powell","u"
"Shigenobu","","Hayashi","Shigenobu Hayashi","u"
"Akira","","Ikari","Akira Ikari","u"
"Jaime","","Escalante","Jaime Escalante","u"
"Kelly","","Kajumulo","Kelly Kajumulo","u"
"Chang","Geun","Song","Chang Geun Song","u"
"Jan","Rouke","Kuipers","Jan Rouke Kuipers","u"
"Michel","","Ovize","Michel Ovize","u"
"Jean","Jacques","Diaz","Jean Jacques Diaz","u"
"Noel","","Dunlop","Noel Dunlop","u"
"Jean","Pierre","Allegret","Jean Pierre Allegret","u"
"Jean","Pierre","Allegret","Jean Pierre Allegret","u"
"Jean","Pierre","Allegret","Jean Pierre Allegret","u"
"Terry","","Goldberg","Terry Goldberg","u"
"Kim","","Retra","Kim Retra","u"
"Lynn","","Onstad","Lynn Onstad","u"
"Jean","Luc","Coville","Jean Luc Coville","u"
"Terry","","Doyle","Terry Doyle","u"
"Pu","Hong","Zhang","Pu Hong Zhang","u"
"Jerzy","","Bodzenta","Jerzy Bodzenta","u"
"Shashi","","Raheja","Shashi Raheja","u"
"Guenther","","Kirchner","Guenther Kirchner","u"
"Lesley","","Torrance","Lesley Torrance","u"
"Jean","Louis","Merlin","Jean Louis Merlin","u"
"Jean","Louis","Merlin","Jean Louis Merlin","u"
"Akira","","Tkuhiro","Akira Tkuhiro","u"
"Michel","","Baes","Michel Baes","u"
"Kim","","Midwood","Kim Midwood","u"
"Jan","Erik","Fosseidengen","Jan Erik Fosseidengen","u"
"Knud","","Larsen","Knud Larsen","u"
"Jean","Patrice","Robin","Jean Patrice Robin","u"
"Hsin","Jen","Tsai","Hsin Jen Tsai","u"
"Kim","","Hultin","Kim Hultin","u"
"Rene","","De Mot","Rene De Mot","u"
"Chris","","Peterson","Chris Peterson","u"
"Jean","Michel","Brankart","Jean Michel Brankart","u"
"Casey","","Hetrick","Casey Hetrick","u"
"Kim","","Kusser","Kim Kusser","u"
"Michel","","Comeau","Michel Comeau","u"
"Robin","","Thompson","Robin Thompson","u"
"Marlow","","Price","Marlow Price","u"
"Jan","Haug","Anonsen","Jan Haug Anonsen","u"
"Moran","","Kopel","Moran Kopel","u"
"Akira","","Hishida","Akira Hishida","u"
"Kim","","Jones","Kim Jones","u"
"Jamie","","Kramer","Jamie Kramer","u"
"Noel","","Tordo","Noel Tordo","u"
"Chi","Tim","Ng","Chi Tim Ng","u"
"Lu","","Chen","Lu Chen","u"
"Kim","","Hammond-Kosack","Kim Hammond-Kosack","u"
"Chris","","Fiacconi","Chris Fiacconi","u"
"Makoto","","Seto","Makoto Seto","u"
"Aki","","Tsuchiya","Aki Tsuchiya","u"
"Chang","Young","Jang","Chang Young Jang","u"
"Shawn","","Balark","Shawn Balark","u"
"Kim","","McFann","Kim McFann","u"
"Michal","","Gil","Michal Gil","u"
"Jean","Noel","Roux","Jean Noel Roux","u"
"Jan","Hakan","Jansson","Jan Hakan Jansson","u"
"Jean","Francos","Dartigues","Jean Francos Dartigues","u"
"Dominique","","Le Guludec","Dominique Le Guludec","u"
"Jean","Michel","Goujon","Jean Michel Goujon","u"
"Jean","Marc","Saiter","Jean Marc Saiter","u"
"Chanchal","","Mitra","Chanchal Mitra","u"
"Lynn","","Abbott","Lynn Abbott","u"
"Arja","","Rimpela","Arja Rimpela","u"
"Kim","","Retra","Kim Retra","u"
"Christian","","Lemaire","Christian Lemaire","u"
"Christian","","Ledezma","Christian Ledezma","u"
"Young","","You","Young You","u"
"Jean","Marc","Gallo","Jean Marc Gallo","u"
"Dana","","Ferraris","Dana Ferraris","u"
"Makoto","","Miyazaki","Makoto Miyazaki","u"
"Kendall","","Hutto","Kendall Hutto","u"
"Jean","Baptiste","Sanchez","Jean Baptiste Sanchez","u"
"Michel","","Saint-Germain","Michel Saint-Germain","u"
"Robin","","Young","Robin Young","u"
"Jean","Jacques","Robin","Jean Jacques Robin","u"
"Tristan","","Cren","Tristan Cren","m"
"Kim","","Hopper","Kim Hopper","m"
"Kim","","Hopper","Kim Hopper","m"
"Semyon","","Rubinchik","Semyon Rubinchik","m"
"Adrian","","Mindel","Adrian Mindel","m"
"Rene","","Verhoef","Rene Verhoef","m"
"Jean","Pierre","Despres","Jean Pierre Despres","m"
"Abdulla","","Gori","Abdulla Gori","m"
"Juergen","","Groeneveld","Juergen Groeneveld","m"
"Juergen","","Roedel","Juergen Roedel","m"
"Noel","","Clarke","Noel Clarke","m"
"Noel","","Clarke","Noel Clarke","m"
"Michel","","Krempf","Michel Krempf","m"
"Makoto","","Kanzaki","Makoto Kanzaki","m"
"Jean","Louis","Morel","Jean Louis Morel","m"
"Shai","","Friedland","Shai Friedland","m"
"Shai","","Friedland","Shai Friedland","m"
"Jean","Pierre","Routy","Jean Pierre Routy","m"
"Christian","","Naus","Christian Naus","m"
"Freddie","","Fu","Freddie Fu","m"
"Jan","","Friedrich","Jan Friedrich","m"
"Christian","","Oker-Blom","Christian Oker-Blom","m"
"Adrian","","Cookson","Adrian Cookson","m"
"Ali","Esref","Mueezzinoglu","Ali Esref Mueezzinoglu","m"
"Adrian","","Harris","Adrian Harris","m"
"Blair","","Schoene","Blair Schoene","m"
"Guenther","","Ladurner","Guenther Ladurner","m"
"Michal","","Hocek","Michal Hocek","m"
"Dana","","Arnold","Dana Arnold","m"
"Ali","","Alshami","Ali Alshami","m"
"Mitsuru","","Akashi","Mitsuru Akashi","m"
"Kei","","Shimoda","Kei Shimoda","m"
"Yong","Tark","Jeon","Yong Tark Jeon","m"
"Young","Tae","Chang","Young Tae Chang","m"
"Shawn","","Askew","Shawn Askew","m"
"Doron","","Norman","Doron Norman","m"
"Jan","","Staessen","Jan Staessen","m"
"Juergen","","Caro","Juergen Caro","m"
"Ki","Chang","Keum","Ki Chang Keum","m"
"Jean","Philippe","Pin","Jean Philippe Pin","m"
"Jean","Philippe","Pin","Jean Philippe Pin","m"
"Terry","","Barrett","Terry Barrett","m"
"Michel","","Gagner","Michel Gagner","m"
"Jan","Erik","Svensson","Jan Erik Svensson","m"
"Robin","","Jessop","Robin Jessop","m"
"Michal","","Arabski","Michal Arabski","m"
"Jean","Louis","Kraus","Jean Louis Kraus","m"
"Christian","","Cunningham","Christian Cunningham","m"
"Makoto","","Inoue","Makoto Inoue","m"
"Terry","","Nolan","Terry Nolan","m"
"Jamie","","Hunt","Jamie Hunt","m"
"Jean","Luc","Deschanvres","Jean Luc Deschanvres","m"
"Jean","Leon","Thomas","Jean Leon Thomas","m"
"Juergen","","Braun","Juergen Braun","m"
"Shun","Lien","Chuang","Shun Lien Chuang","m"
"Jean","Daniel","Fekete","Jean Daniel Fekete","m"
"Chi","Wing","Fu","Chi Wing Fu","m"
"Jean","Francois","Marier","Jean Francois Marier","m"
"Akira","","Kikuchi","Akira Kikuchi","m"
"Dominique","","Dardevet","Dominique Dardevet","m"
"Noel","","Codella","Noel Codella","m"
"Dominique","","Mayaki","Dominique Mayaki","m"
"Jean","Pierre","Clement","Jean Pierre Clement","m"
"Rene","","van de Molengraft","Rene van de Molengraft","m"
"Juergen","","Kuhlmann","Juergen Kuhlmann","m"
"Jean","Francois","Mercier","Jean Francois Mercier","m"
"Michal","","Sojka","Michal Sojka","m"
"Loren","","Joseph","Loren Joseph","m"
"Cary","","Roseth","Cary Roseth","m"
"Hong","Kee","Kim","Hong Kee Kim","m"
"Young","Jo","Kim","Young Jo Kim","m"
"Alper","","Dogan","Alper Dogan","m"
"Jean","Marc","Tadie","Jean Marc Tadie","m"
"Doron","","Holland","Doron Holland","m"
"Casey","","Meakin","Casey Meakin","m"
"Jan","Hendrik","Hooijberg","Jan Hendrik Hooijberg","m"
"Jan","Ingvar","Jonsson","Jan Ingvar Jonsson","m"
"Akira","","Yoshioka","Akira Yoshioka","m"
"Akira","","Sasaki","Akira Sasaki","m"
"Adrian","","Yap","Adrian Yap","m"
"Shaheen","","Al-Muhtaseb","Shaheen Al-Muhtaseb","m"
"Rene","","St-Arnaud","Rene St-Arnaud","m"
"Rene","","St-Arnaud","Rene St-Arnaud","m"
"Jan","","Grutters","Jan Grutters","m"
"Adrian","","Wong","Adrian Wong","m"
"Adrian","","Roitberg","Adrian Roitberg","m"
"Masa","","Tsuchiya","Masa Tsuchiya","m"
"Alexis","","Aspee","Alexis Aspee","m"
"Kelly","","Foote","Kelly Foote","m"
"Young","Don","Choi","Young Don Choi","m"
"Jean","Baptiste","Michel","Jean Baptiste Michel","m"
"Ali","","Sayed","Ali Sayed","m"
"Adrian","","James","Adrian James","m"
"Jan","","Buitelaar","Jan Buitelaar","m"
"Hae","Ryong","Song","Hae Ryong Song","m"
"Juergen","","Kirschner","Juergen Kirschner","m"
"Cary","","Coglianese","Cary Coglianese","m"
"Blair","","Jobe","Blair Jobe","m"
"Juergen","","Czarske","Juergen Czarske","m"
"Theo","","Goosen","Theo Goosen","m"
"Shawn","","Applegarth","Shawn Applegarth","m"
"Michel","","Loreau","Michel Loreau","m"
"Makoto","","Igarashi","Makoto Igarashi","m"
"Sashi","","Kommu","Sashi Kommu","m"
"Zia","","Yamayee","Zia Yamayee","m"
"Juergen","","Brinkmeyer","Juergen Brinkmeyer","m"
"Ertan","","Mayatepek","Ertan Mayatepek","m"
"Jan","","Smeitink","Jan Smeitink","m"
"Adrian","","Finch","Adrian Finch","m"
"Dana","","Brooks","Dana Brooks","m"
"Akira","","Kondo","Akira Kondo","m"
"Adrian","","Meedeniya","Adrian Meedeniya","m"
"Makoto","","Bonkobara","Makoto Bonkobara","m"
"Christian","","Jutten","Christian Jutten","m"
"Atle","","Nesje","Atle Nesje","m"
"Adrian","","Furdea","Adrian Furdea","m"
"Isac","","de Medeiros","Isac de Medeiros","m"
"Christian","","Fischer","Christian Fischer","m"
"Christian","","Koehler","Christian Koehler","m"
"Jaime","","Rubio-Martinez","Jaime Rubio-Martinez","m"
"Jean","Pierre","Ploteau","Jean Pierre Ploteau","m"
"Jean","Luc","Besson","Jean Luc Besson","m"
"Shiraz","","Minwalla","Shiraz Minwalla","m"
"Chris","","Johnson","Chris Johnson","m"
"Young","Tack","Lee","Young Tack Lee","m"
"Jerzy","","Juskiewicz","Jerzy Juskiewicz","m"
"Jean","Philippe","Attane","Jean Philippe Attane","m"
"Jean","Philippe","Attane","Jean Philippe Attane","m"
"Aubrey","","Turner","Aubrey Turner","m"
"Akira","","Hirao","Akira Hirao","m"
"Christian","","Veldhuis","Christian Veldhuis","m"
"Robin","","Nijveldt","Robin Nijveldt","m"
"Michel","","Boivin","Michel Boivin","m"
"Leslie","","Bluck","Leslie Bluck","m"
"Christian","","Plagemann","Christian Plagemann","m"
"Shawn","","Bratton","Shawn Bratton","m"
"Michel","","Farah","Michel Farah","m"
"Jaime","","Bosch","Jaime Bosch","m"
"Jean","Marc","Frayret","Jean Marc Frayret","m"
"Jody","","Haigh","Jody Haigh","m"
"Jaime","Vilela","de Resende","Jaime Vilela de Resende","m"
"Jerzy","","Blawzdziewicz","Jerzy Blawzdziewicz","m"
"Marty","","Fejer","Marty Fejer","m"
"Christian","","Ractz","Christian Ractz","m"
"Chong","Tin","Tan","Chong Tin Tan","m"
"Ira","","Colby","Ira Colby","m"
"Jenn","Ren","Hsiao","Jenn Ren Hsiao","m"
"Katsumi","","Kaneyama","Katsumi Kaneyama","m"
"Rene","","Stulz","Rene Stulz","m"
"Rene","","Stulz","Rene Stulz","m"
"Makoto","","Tashiro","Makoto Tashiro","m"
"Adrian","Mihai","Ionescu","Adrian Mihai Ionescu","m"
"Jan","","Backvall","Jan Backvall","m"
"Jean","Marie","Francois","Jean Marie Francois","m"
"Michel","","Meybeck","Michel Meybeck","m"
"Chung","Yee","Lee","Chung Yee Lee","m"
"Dominique","","Luneau","Dominique Luneau","m"
"Kim","","Parker","Kim Parker","m"
"Jean","Francois","Cornet","Jean Francois Cornet","m"
"Jan","","Kielstein","Jan Kielstein","m"
"Guenther","","Leitz","Guenther Leitz","m"
"Kerry","","McDonald","Kerry McDonald","m"
"Alexis","","Falicov","Alexis Falicov","m"
"Jude","","Mitchell","Jude Mitchell","m"
"Jean","Jacques","Lareyre","Jean Jacques Lareyre","m"
"Michel","","Gagner","Michel Gagner","m"
"Juergen","","Koller","Juergen Koller","m"
"Jan","Peter","Embs","Jan Peter Embs","m"
"Michel","","Renovell","Michel Renovell","m"
"Adrian","","Hill","Adrian Hill","m"
"Chung","Ming","Leung","Chung Ming Leung","m"
"Juergen","","Eckert","Juergen Eckert","m"
"Mitsuru","","Akashi","Mitsuru Akashi","m"
"Panos","","Seferlis","Panos Seferlis","m"
"Ira","","Garonzik","Ira Garonzik","m"
"Christian","","Melander","Christian Melander","m"
"Ji","Won","Yang","Ji Won Yang","m"
"Shawn","","Narum","Shawn Narum","m"
"Jan","Even","Nilsen","Jan Even Nilsen","m"
"Jean","Louis","Bonnemain","Jean Louis Bonnemain","m"
"Jenn","Tai","Liang","Jenn Tai Liang","m"
"Dominique","","Georget","Dominique Georget","m"
"Jan","","van Wagtendonk","Jan van Wagtendonk","m"
"Juergen","","Wiegel","Juergen Wiegel","m"
"Jean","Marc","Delroisse","Jean Marc Delroisse","m"
"Dar","Ren","Ji","Dar Ren Ji","m"
"Jan","Christian","Habel","Jan Christian Habel","m"
"Vincente","","Munoz","Vincente Munoz","m"
"Ariel","","Koren","Ariel Koren","m"
"Ariel","","Koren","Ariel Koren","m"
"Christian","","Ludwig","Christian Ludwig","m"
"Chang","Hyok","Choi","Chang Hyok Choi","m"
"Man","Kit","Leung","Man Kit Leung","m"
"Dorian","","McGavern","Dorian McGavern","m"
"Jaime","Wilson","Vargas de Mello","Jaime Wilson Vargas de Mello","m"
"Christian","","Jutten","Christian Jutten","m"
"Adrian","","Sculptoreanu","Adrian Sculptoreanu","m"
"Makoto","","Mizunami","Makoto Mizunami","m"
"Chris","","Dorozynski","Chris Dorozynski","m"
"Christian","","Bruneau","Christian Bruneau","m"
"Jan","","Pietzsch","Jan Pietzsch","m"
"Taylor","","Sparks","Taylor Sparks","m"
"Kim","","Reh","Kim Reh","m"
"Christian","","Ratsch","Christian Ratsch","m"
"Shashi","","Matta","Shashi Matta","m"
"Ko","Jiunn","Liu","Ko Jiunn Liu","m"
"Christian","","Knigge","Christian Knigge","m"
"Madhu","","Kalimipalli","Madhu Kalimipalli","m"
"Lane","","Foil","Lane Foil","m"
"Adrian","","Puren","Adrian Puren","m"
"Jean","Claude","Reubi","Jean Claude Reubi","m"
"Jean","Christophe","Rossi","Jean Christophe Rossi","m"
"Yong","Rak","Kim","Yong Rak Kim","m"
"Jean","Luc","Probst","Jean Luc Probst","m"
"Christian","","Gortazar","Christian Gortazar","m"
"Pak","Yin","Leung","Pak Yin Leung","m"
"Makoto","","Iwasaki","Makoto Iwasaki","m"
"Angel","","Lopez","Angel Lopez","m"
"Jordan","","Pober","Jordan Pober","m"
"Jean","Frederic","Gerbeau","Jean Frederic Gerbeau","m"
"Shawn","","Shadden","Shawn Shadden","m"
"Chris","","Flask","Chris Flask","m"
"Ranjan","","Mukherjee","Ranjan Mukherjee","m"
"Adrian","","Wilkinson","Adrian Wilkinson","m"
"Jan","","Basile","Jan Basile","m"
"Michel","","Matter","Michel Matter","m"
"Elie","","Berbari","Elie Berbari","m"
"Chong","Jai","Kim","Chong Jai Kim","m"
"Chris","","McBride","Chris McBride","m"
"Jan","","Dijkstra","Jan Dijkstra","m"
"Ovadia","","Abulafia","Ovadia Abulafia","m"
"Christian","","Celia","Christian Celia","m"
"Christian","","Voolstra","Christian Voolstra","m"
"Akira","","Yada","Akira Yada","m"
"Jan","Maciej","Waga","Jan Maciej Waga","m"
"Ibrahima","","Gning","Ibrahima Gning","m"
"Ariel","","Quiroga","Ariel Quiroga","m"
"Rene","","Bindels","Rene Bindels","m"
"Akira","","Fujishima","Akira Fujishima","m"
"Akira","","Fujishima","Akira Fujishima","m"
"Chong","Yang","Liu","Chong Yang Liu","m"
"Jean","Pierre","Olie","Jean Pierre Olie","m"
"Christian","","Stock","Christian Stock","m"
"Takehiko","","Kitamori","Takehiko Kitamori","m"
"Adrian","","Dragu","Adrian Dragu","m"
"Jan","","van Hest","Jan van Hest","m"
"Chris","","Sibley","Chris Sibley","m"
"Sukrit","","Kirtsaeng","Sukrit Kirtsaeng","m"
"Sol","","Jacobs","Sol Jacobs","m"
"Harsha","","Nagarajarao","Harsha Nagarajarao","m"
"Christian","","Combe","Christian Combe","m"
"Adrian","","Wong","Adrian Wong","m"
"Christian","","Clajus","Christian Clajus","m"
"Jan","","Kraus","Jan Kraus","m"
"Jean","Pierre","Allain","Jean Pierre Allain","m"
"Adrian","","Shifren","Adrian Shifren","m"
"Adrian","","Frej","Adrian Frej","m"
"Santos","","Sanchez-Cambronero","Santos Sanchez-Cambronero","m"
"Jihad","","El-Sana","Jihad El-Sana","m"
"Mitsuru","","Okuno","Mitsuru Okuno","m"
"Jean","Sebastien","Sereni","Jean Sebastien Sereni","m"
"Rene","","Toes","Rene Toes","m"
"Christian","","Rein","Christian Rein","m"
"Christian","","Rein","Christian Rein","m"
"Christian","","Hannig","Christian Hannig","m"
"Christian","","Schwentner","Christian Schwentner","m"
"Christian","","Radmayr","Christian Radmayr","m"
"Jean","Francois","Huez","Jean Francois Huez","m"
"Blair","","Smith","Blair Smith","m"
"Michel","","Bertrand","Michel Bertrand","m"
"Jean","Noel","Talbot","Jean Noel Talbot","m"
"Jean","Noel","Talbot","Jean Noel Talbot","m"
"Noel","","Thin","Noel Thin","m"
"Shawn","","Menefee","Shawn Menefee","m"
"Juergen","","Lademann","Juergen Lademann","m"
"Robin","","Warne","Robin Warne","m"
"Jean","Francois","Le Galliard","Jean Francois Le Galliard","m"
"Jan","","Bustnes","Jan Bustnes","m"
"Francis","","Ennis","Francis Ennis","m"
"Jan","Olav","Johannessen","Jan Olav Johannessen","m"
"Michel","","White","Michel White","m"
"Chi","Hua","Chen","Chi Hua Chen","m"
"Guenther","","Boden","Guenther Boden","m"
"Francis","","Zwiers","Francis Zwiers","m"
"Leigh","","Kinsman","Leigh Kinsman","m"
"Leslie","","Levin","Leslie Levin","m"
"Dominique","","Chu","Dominique Chu","m"
"Jean","Pierre","Despres","Jean Pierre Despres","m"
"Casey","","Ta","Casey Ta","m"
"Makoto","","Kato","Makoto Kato","m"
"Ali","","El-Solh","Ali El-Solh","m"
"Ali","","El-Solh","Ali El-Solh","m"
"Akira","","Harada","Akira Harada","m"
"Jean","Marie","Ndambi","Jean Marie Ndambi","m"
"Ali","","Bandani","Ali Bandani","m"
"Lee","","Albacker","Lee Albacker","m"
"Morgan","","Huse","Morgan Huse","m"
"Christian","","Enzinger","Christian Enzinger","m"
"Juergen","","Pionteck","Juergen Pionteck","m"
"Dominique","","Marie","Dominique Marie","m"
"Noel","","Barengo","Noel Barengo","m"
"Jan","Ming","Ho","Jan Ming Ho","m"
"Leslie","","Crofford","Leslie Crofford","m"
"Jean","","Lasserre","Jean Lasserre","m"
"Michel","","Preville","Michel Preville","m"
"Christian","","Joyal","Christian Joyal","m"
"Jamie","","Brehaut","Jamie Brehaut","m"
"Christian","","Fleck","Christian Fleck","m"
"Jean","Charles","Soria","Jean Charles Soria","m"
"Jean","Charles","Soria","Jean Charles Soria","m"
"Jan","","Bos","Jan Bos","m"
"Jan","","Drijfhout","Jan Drijfhout","m"
"Kim","","Chi","Kim Chi","m"
"Jean","Baptiste","Lattouf","Jean Baptiste Lattouf","m"
"Bernie","","Eigl","Bernie Eigl","m"
"Adrian","","Mountford","Adrian Mountford","m"
"Robin","","Brinkmeyer","Robin Brinkmeyer","m"
"Kris","","Gevaert","Kris Gevaert","m"
"Jean","","Rivier","Jean Rivier","m"
"Christian","","Clermont","Christian Clermont","m"
"Shai","","Shaham","Shai Shaham","m"
"Christian","","Siebold","Christian Siebold","m"
"Christian","","Schwentner","Christian Schwentner","m"
"Sergey","Yu","Grachev","Sergey Yu Grachev","m"
"Terry","","Bowlin","Terry Bowlin","m"
"Michel","","Preville","Michel Preville","m"
"Rene","","Hendriksen","Rene Hendriksen","m"
"Theo","","Nijman","Theo Nijman","m"
"Jan","","Hengstler","Jan Hengstler","m"
"Michel","","Lucas","Michel Lucas","m"
"Noel","","Boens","Noel Boens","m"
"Kris","","Vissers","Kris Vissers","m"
"Adrian","","Culf","Adrian Culf","m"
"Christian","","Caroli","Christian Caroli","m"
"Jude","","Fitzgibbon","Jude Fitzgibbon","m"
"Michal","","Sabat","Michal Sabat","m"
"Makoto","","Misono","Makoto Misono","m"
"Juergen","","Biener","Juergen Biener","m"
"Theo","","Sloots","Theo Sloots","m"
"Ashis","","Biswas","Ashis Biswas","m"
"Makoto","","Tokuda","Makoto Tokuda","m"
"Christian","","Motz","Christian Motz","m"
"Akira","","Nakajima","Akira Nakajima","m"
"Akira","","Nakajima","Akira Nakajima","m"
"Juergen","","Wasem","Juergen Wasem","m"
"Christian","","Happi","Christian Happi","m"
"Terry","","Day","Terry Day","m"
"Sofiane","","Terzi","Sofiane Terzi","m"
"Christian","","Dotzler","Christian Dotzler","m"
"Akira","","Sekiguchi","Akira Sekiguchi","m"
"Christian","","Roussel","Christian Roussel","m"
"Jean","Francois","Nierengarten","Jean Francois Nierengarten","m"
"Archan","","Dey","Archan Dey","m"
"Rosario","","Scopelliti","Rosario Scopelliti","m"
"Jean","Pierre","Sauvage","Jean Pierre Sauvage","m"
"Jean","","Frechet","Jean Frechet","m"
"Jean","","Frechet","Jean Frechet","m"
"Adrian","","Smith","Adrian Smith","m"
"Alexis","","Vallee-Belisle","Alexis Vallee-Belisle","m"
"Robin","","Perutz","Robin Perutz","m"
"Jean","Eric","Tarride","Jean Eric Tarride","m"
"Jean","Frederic","Colombel","Jean Frederic Colombel","m"
"Jean","Sebastien","Rachoin","Jean Sebastien Rachoin","m"
"Jae","","Kennedy","Jae Kennedy","m"
"Christian","","Gaser","Christian Gaser","m"
"Adrian","","Owen","Adrian Owen","m"
"Theo","","de Kok","Theo de Kok","m"
"Ad","","Masclee","Ad Masclee","m"
"Sung","Kew","Kim","Sung Kew Kim","m"
"Adrian","","Sescu","Adrian Sescu","m"
"Jan","","Enghild","Jan Enghild","m"
"Jean","Francois","Etard","Jean Francois Etard","m"
"Xue","Ru","Wu","Xue Ru Wu","m"
"Xue","Ru","Wu","Xue Ru Wu","m"
"Jean","Paul","Klein","Jean Paul Klein","m"
"Jean","Paul","Klein","Jean Paul Klein","m"
"Jean","Paul","Klein","Jean Paul Klein","m"
"Cary","","Queen","Cary Queen","m"
"Christian","Meyer","zum Bueschenfelde","Christian Meyer zum Bueschenfelde","m"
"Guenther","","Reitz","Guenther Reitz","m"
"Lee","","Newman","Lee Newman","m"
"Michel","","Seranne","Michel Seranne","m"
"Michel","","Faure","Michel Faure","m"
"Michel","","Gosselin","Michel Gosselin","m"
"Jean","Louis","Beny","Jean Louis Beny","m"
"Jan","","Eriksson","Jan Eriksson","m"
"Theo","","ten Brummelaar","Theo ten Brummelaar","m"
"Rene","","van der Veer","Rene van der Veer","m"
"Jean","Christophe","Leroux","Jean Christophe Leroux","m"
"Juergen","","Groll","Juergen Groll","m"
"Christian","","Jobin","Christian Jobin","m"
"Makoto","","Sasaki","Makoto Sasaki","m"
"Chong","Shu","Zhu","Chong Shu Zhu","m"
"Jean","Marie","Devoisselle","Jean Marie Devoisselle","m"
"Francis","","Chapelle","Francis Chapelle","m"
"Pier","Nicola","Sergi","Pier Nicola Sergi","m"
"Christian","","Paulik","Christian Paulik","m"
"Ali","","Ensafi","Ali Ensafi","m"
"Salem","","Al-Deyab","Salem Al-Deyab","m"
"Ali","Ahmadi","Peyghan","Ali Ahmadi Peyghan","m"
"Ali","Osman","Solak","Ali Osman Solak","m"
"Jaime","","Campos","Jaime Campos","m"
"Jordan","","Eccles","Jordan Eccles","m"
"Taylor","","Stein","Taylor Stein","m"
"Man","Bo","Li","Man Bo Li","m"
"Jan","","Enghild","Jan Enghild","m"
"Michel","","Lafleur","Michel Lafleur","m"
"Jean","Francois","Silvain","Jean Francois Silvain","m"
"Jan","","Staessen","Jan Staessen","m"
"Jamie","","Rossjohn","Jamie Rossjohn","m"
"Jamie","","Rossjohn","Jamie Rossjohn","m"
"Terry","","Du Clos","Terry Du Clos","m"
"Terry","","Phang","Terry Phang","m"
"Chris","","Del Mar","Chris Del Mar","m"
"Jean","Sebastien","Pierre","Jean Sebastien Pierre","m"
"Ali","","Jeddi","Ali Jeddi","m"
"Jean","Francois","Saliege","Jean Francois Saliege","m"
"Akira","","Maruyama","Akira Maruyama","m"
"Jan","","Eriksson","Jan Eriksson","m"
"Robin","","Ashmore","Robin Ashmore","u"
"Christian","","Carioni","Christian Carioni","u"
"Jessie","","Grafenberg","Jessie Grafenberg","u"
"Kelly","","Schweim","Kelly Schweim","u"
"Juergen","","Kratzch","Juergen Kratzch","u"
"Tracy","","Waldeciz","Tracy Waldeciz","u"
"Go","","Chiba","Go Chiba","u"
"Makoto","","Tsukahara","Makoto Tsukahara","u"
"Chong","Lye","Ang","Chong Lye Ang","u"
"Dominique","","Lange","Dominique Lange","u"
"Young","Hyun","Yoo","Young Hyun Yoo","u"
"Hong","Guo","Jin","Hong Guo Jin","u"
"Su","Young","Kim","Su Young Kim","u"
"Juergen","","Bergmann","Juergen Bergmann","u"
"Michel","","Coppieters","Michel Coppieters","u"
"Lynn","","Horvath","Lynn Horvath","u"
"Kyo","","Wakasa","Kyo Wakasa","u"
"Shin","Young","Park","Shin Young Park","u"
"Yeon","Woo","Jeong","Yeon Woo Jeong","u"
"Anu","","Kallio","Anu Kallio","u"
"Harshal","","Rajekar","Harshal Rajekar","u"
"Jean","Marie","Vila","Jean Marie Vila","u"
"Dana","","Kielar","Dana Kielar","u"
"Xing","Yu","Jin","Xing Yu Jin","u"
"Young","Kul","Jung","Young Kul Jung","u"
"Christian","","Maeurer","Christian Maeurer","u"
"Sang","","Nguyen","Sang Nguyen","u"
"Jean","Marie","Seigneurin","Jean Marie Seigneurin","u"
"Maiko","","Arita","Maiko Arita","u"
"Makoto","","Uyama","Makoto Uyama","u"
"Koki","","Urita","Koki Urita","u"
"Jean","Jacques","Patard","Jean Jacques Patard","u"
"Kris","","Wyckhuys","Kris Wyckhuys","u"
"Jean","Francois","Morfin","Jean Francois Morfin","u"
"Michel","","Le Baccon","Michel Le Baccon","u"
"Hong","Quan","He","Hong Quan He","u"
"Adrian","","Lupescu","Adrian Lupescu","u"
"Michel","","Mittelbronn","Michel Mittelbronn","u"
"Willie","","Bawarski","Willie Bawarski","u"
"Lynn","","Adams","Lynn Adams","u"
"Kim","","Hutchings","Kim Hutchings","u"
"Jan","Roelof","Polling","Jan Roelof Polling","u"
"Michal","","Zielinski","Michal Zielinski","u"
"Makoto","","Hasegawa","Makoto Hasegawa","u"
"Jean","Claude","Berges","Jean Claude Berges","u"
"Shahin","","Abbaszadeh","Shahin Abbaszadeh","u"
"Jean","Francois","Savard","Jean Francois Savard","u"
"Jean","Yves","Fagon","Jean Yves Fagon","u"
"Jean","Marc","Tadie","Jean Marc Tadie","u"
"Jean","Lacau","Guily","Jean Lacau Guily","u"
"Rene","","Delobel","Rene Delobel","u"
"Jerzy","","Wiench","Jerzy Wiench","u"
"Takehiko","","Kikuchi","Takehiko Kikuchi","u"
"Samudra","","Roy","Samudra Roy","u"
"Sandy","","Ibanes","Sandy Ibanes","u"
"Kerry","","Cormier","Kerry Cormier","u"
"Li","Sung","Tsao","Li Sung Tsao","u"
"Young","Hyun","Yoo","Young Hyun Yoo","u"
"Jean","Pierre","Sollet","Jean Pierre Sollet","u"
"Christian","","Clerc","Christian Clerc","u"
"Alexis","","Kalman-Bowlus","Alexis Kalman-Bowlus","u"
"Jean","Michel","Reperant","Jean Michel Reperant","u"
"Jean","Marc","Leyssale","Jean Marc Leyssale","u"
"Kris","","Huygen","Kris Huygen","u"
"Akira","","Takada","Akira Takada","u"
"Shannon","","VonMuenster","Shannon VonMuenster","u"
"Makoto","","Muramatsu","Makoto Muramatsu","u"
"Chi","Wang","Ip","Chi Wang Ip","u"
"Jan","","Tijssen","Jan Tijssen","u"
"Yong","Lie","Chu","Yong Lie Chu","u"
"Morgan","","Wallace","Morgan Wallace","u"
"Adrian","","Vojnov","Adrian Vojnov","u"
"Dominique","","Lorang","Dominique Lorang","u"
"Jaime","","Gomes","Jaime Gomes","u"
"Young","Bok","Lee","Young Bok Lee","u"
"Jean","Luc","Pitetti","Jean Luc Pitetti","u"
"Stacy","","Markison","Stacy Markison","u"
"Guadalupe","","De la Cruz-Galicia","Guadalupe De la Cruz-Galicia","u"
"Chi","","Liang","Chi Liang","u"
"Tie","Hong","Chen","Tie Hong Chen","u"
"Elie","","Mavoungou","Elie Mavoungou","u"
"Michel","","Fedoroff","Michel Fedoroff","u"
"Loren","","Castaings","Loren Castaings","u"
"Jackie","","Tusano","Jackie Tusano","u"
"Jean","Luc","Descotes","Jean Luc Descotes","u"
"Chong","Kil","Lee","Chong Kil Lee","u"
"Su","Young","Kim","Su Young Kim","u"
"Christian","","Fellenberg","Christian Fellenberg","u"
"Michel","","Vidal","Michel Vidal","u"
"Christian","","Poulsen","Christian Poulsen","u"
"Jean","Jacques","Colleau","Jean Jacques Colleau","u"
"Leslie","","Morgan","Leslie Morgan","u"
"Man","Soo","Choi","Man Soo Choi","u"
"Juergen","","Wittmann","Juergen Wittmann","u"
"Mitsuru","","Ohta","Mitsuru Ohta","u"
"Young","Geun","Lee","Young Geun Lee","u"
"Robin","","Krause","Robin Krause","u"
"Yanni","","Lui","Yanni Lui","u"
"Michel","","Jacquemier","Michel Jacquemier","u"
"Jean","Marc","Guillaume","Jean Marc Guillaume","u"
"Chang","Wook","Baek","Chang Wook Baek","u"
"Jean","Ching","Tien","Jean Ching Tien","u"
"Jean","Yves","Winum","Jean Yves Winum","u"
"Adrian","","Mariano","Adrian Mariano","u"
"Kelly","","Hopper","Kelly Hopper","u"
"Jean","Michel","Petit","Jean Michel Petit","u"
"Jan","","Piek","Jan Piek","u"
"Eun","Soo","An","Eun Soo An","u"
"Christian","","Gspan","Christian Gspan","u"
"Christian","","Gspan","Christian Gspan","u"
"Mitsuru","","Mizuno","Mitsuru Mizuno","u"
"Makoto","","Kimura","Makoto Kimura","u"
"Robin","","Grote","Robin Grote","u"
"Jan","Harry","Storksen","Jan Harry Storksen","u"
"Rene","","Schmidt","Rene Schmidt","u"
"Sang","Yoo","Park","Sang Yoo Park","u"
"Ki","Yong","Jeon","Ki Yong Jeon","u"
"Mitsuru","","Naito","Mitsuru Naito","u"
"Kou","","Sawashima","Kou Sawashima","u"
"Kei","","Takemoto","Kei Takemoto","u"
"Eun","Soo","Youk","Eun Soo Youk","u"
"Chan","","Kang","Chan Kang","u"
"Elham","","Darwish","Elham Darwish","u"
"Su","Hyeong","Kim","Su Hyeong Kim","u"
"Marion","","Verduijn","Marion Verduijn","u"
"Chang","Keun","Sung","Chang Keun Sung","u"
"Jean","Michel","Mansuy","Jean Michel Mansuy","u"
"Jean","Marie","Peron","Jean Marie Peron","u"
"Lindsey","","Ulkus","Lindsey Ulkus","u"
"Jean","Marie","Girard","Jean Marie Girard","u"
"Jean","Louis","Bouquard","Jean Louis Bouquard","u"
"Kei","","Nakachi","Kei Nakachi","u"
"Leslie","","McKnight","Leslie McKnight","u"
"Young","Woo","Kim","Young Woo Kim","u"
"Young","Gil","Jeong","Young Gil Jeong","u"
"Akira","","Gillingham","Akira Gillingham","u"
"Jean","Francois","Menetret","Jean Francois Menetret","u"
"Adrian","","Keller","Adrian Keller","u"
"Christian","","Sorg","Christian Sorg","u"
"Qiao","Bing","Wang","Qiao Bing Wang","u"
"Abu","","Noman","Abu Noman","u"
"Anu","","Liikanen","Anu Liikanen","u"
"Britt","Bang","Jensen","Britt Bang Jensen","u"
"Taylor","","Page","Taylor Page","u"
"Jean","Jacques","Marigo","Jean Jacques Marigo","u"
"Ji","Won","Kim","Ji Won Kim","u"
"Angel","","Ortiz","Angel Ortiz","u"
"Chung","Shou","Chen","Chung Shou Chen","u"
"Jean","Phillipe","Avaro","Jean Phillipe Avaro","u"
"Kelly","","Stewart","Kelly Stewart","u"
"Lindsey","","Ulkus","Lindsey Ulkus","u"
"Lee","","Swem","Lee Swem","u"
"Lee","","Swem","Lee Swem","u"
"Christian","","Enevold","Christian Enevold","u"
"Michel","","Vodovar","Michel Vodovar","u"
"Rene","","van den Wijngaard","Rene van den Wijngaard","u"
"Chang","Sup","Oh","Chang Sup Oh","u"
"Young","Tai","Choi","Young Tai Choi","u"
"Sai","Ming","Cheung","Sai Ming Cheung","u"
"Ali","Asghar","Rastegari","Ali Asghar Rastegari","u"
"Jean","Rene","Lusson","Jean Rene Lusson","u"
"Christian","","Rey","Christian Rey","u"
"Chang","Hsin","Chien","Chang Hsin Chien","u"
"Christian","","Herold","Christian Herold","u"
"Su","Jae","Kim","Su Jae Kim","u"
"Kei","","Tanaka","Kei Tanaka","u"
"Rosario","","Recacha","Rosario Recacha","u"
"Youn","Sun","Chung","Youn Sun Chung","u"
"Akira","","Tsubouchi","Akira Tsubouchi","u"
"Michal","","Bogusiewicz","Michal Bogusiewicz","u"
"Kan","Shan","Shih","Kan Shan Shih","u"
"Christian","","Byhahn","Christian Byhahn","u"
"Makoto","","Takafuji","Makoto Takafuji","u"
"Robin","","Kalnin","Robin Kalnin","u"
"Jean","Francois","Dufour","Jean Francois Dufour","u"
"Shun","Ichi","Kuwana","Shun Ichi Kuwana","u"
"Christian","","Huehne","Christian Huehne","u"
"Dominique","","Vidaud","Dominique Vidaud","u"
"Kelly","","Conner","Kelly Conner","u"
"Christian","","Nevill","Christian Nevill","u"
"Tracey","","Toms","Tracey Toms","u"
"Shannon","","Murphy","Shannon Murphy","u"
"Michel","","van Houtem","Michel van Houtem","u"
"Akira","","Matsuki","Akira Matsuki","u"
"Da","Hong","Wang","Da Hong Wang","u"
"Jean","Louis","Prioul","Jean Louis Prioul","u"
"Jean","Louis","Prioul","Jean Louis Prioul","u"
"Taylor","Price","Frazier","Taylor Price Frazier","u"
"Jan","","Mitchell","Jan Mitchell","u"
"Lynn","","Roux","Lynn Roux","u"
"Jean","Pierre","Finet","Jean Pierre Finet","u"
"Michel","","Viollier","Michel Viollier","u"
"Michel","","Hamon","Michel Hamon","u"
"Kei","ichi","Maeda","Kei ichi Maeda","u"
"Jaime","","Sanz","Jaime Sanz","u"
"Carey","","Suehs","Carey Suehs","u"
"Makoto","","Oba","Makoto Oba","u"
"Dana","","Arizmendi-Rodriguez","Dana Arizmendi-Rodriguez","u"
"Jaime","","Zapata","Jaime Zapata","u"
"Young","Kuk","Cho","Young Kuk Cho","u"
"Mitsuru","","Kawashima","Mitsuru Kawashima","u"
"Go","","Kawamura","Go Kawamura","u"
"Ilham","Zainal","Abidin","Ilham Zainal Abidin","u"
"Soo","Yeon","Seo","Soo Yeon Seo","u"
"Chang","Soo","Eun","Chang Soo Eun","u"
"Jean","Pascal","Lefaucheur","Jean Pascal Lefaucheur","u"
"Jamie","","Horder","Jamie Horder","u"
"Morgan","","James","Morgan James","u"
"Noel","","Burtt","Noel Burtt","u"
"Kei","","Kamide","Kei Kamide","u"
"Zi","Niu","Yu","Zi Niu Yu","u"
"Michel","","Cosson","Michel Cosson","u"
"Salem","","Hameed","Salem Hameed","u"
"Kelly","Cristiane","Ito","Kelly Cristiane Ito","u"
"Young","Chan","Choe","Young Chan Choe","u"
"Jan","Jaap","van Lier","Jan Jaap van Lier","u"
"Anu","","Herva","Anu Herva","u"
"Jean","Christophe","Mulatier","Jean Christophe Mulatier","u"
"Ariel","","Shemesh","Ariel Shemesh","u"
"Akira","","Takahara","Akira Takahara","u"
"Jerzy","","Bohdanowicz","Jerzy Bohdanowicz","u"
"Surya","","Moganty","Surya Moganty","u"
"Jerzy","","Laska","Jerzy Laska","u"
"Jerzy","","Maryniak","Jerzy Maryniak","u"
"Jerzy","","Zawadzki","Jerzy Zawadzki","u"
"Jerzy","","Zawadzki","Jerzy Zawadzki","u"
"Jeong","Hyun","Lee","Jeong Hyun Lee","u"
"Jean","Laurent","Codaccioni","Jean Laurent Codaccioni","u"
"Oi","Hong","Tung","Oi Hong Tung","u"
"Christian","","Perings","Christian Perings","u"
"Jean","Dominique","Luporsi","Jean Dominique Luporsi","u"
"Jean","Luc","Pasquie","Jean Luc Pasquie","u"
"Nil","","Arisoy","Nil Arisoy","u"
"Jean","Nicolas","Cornu","Jean Nicolas Cornu","u"
"Cosima","","Kretz","Cosima Kretz","u"
"Ainslie","","Williams","Ainslie Williams","u"
"Akira","","Takahashi","Akira Takahashi","u"
"Jie","Lun","Chiang","Jie Lun Chiang","u"
"Katsumi","","Abe","Katsumi Abe","u"
"Christian","","Philouze","Christian Philouze","u"
"Chi","Leung","Watt","Chi Leung Watt","u"
"Young","","Shen","Young Shen","u"
"Chanchal","","Gupta","Chanchal Gupta","u"
"Elisha","Raju","Repalle","Elisha Raju Repalle","u"
"Robin","","Lemke","Robin Lemke","u"
"Chong","Xin","Liu","Chong Xin Liu","u"
"Jan","Eric","Grunwald","Jan Eric Grunwald","u"
"Terry","","Klein","Terry Klein","u"
"Dong","Xin","Liu","Dong Xin Liu","u"
"Jae","Soo","Koh","Jae Soo Koh","u"
"Kelly","","Arndt","Kelly Arndt","u"
"Kuo","Shun","Sun","Kuo Shun Sun","u"
"Mitsuru","","Sato","Mitsuru Sato","u"
"Cao","Ying","Yang","Cao Ying Yang","u"
"Bi","Dong","Fang","Bi Dong Fang","u"
"Akira","","Matsuki","Akira Matsuki","u"
"Christian","","Gilbert","Christian Gilbert","u"
"Christian","","Gilbert","Christian Gilbert","u"
"Michel","","Bessodes","Michel Bessodes","u"
"Michel","","Kester","Michel Kester","u"
"Akira","","Yoneda","Akira Yoneda","u"
"Christian","","Pruente","Christian Pruente","u"
"Soeren","","Becker","Soeren Becker","u"
"Rosario","","Diaz-Gonzalez","Rosario Diaz-Gonzalez","u"
"Chang","Sup","Kim","Chang Sup Kim","u"
"Kelly","","Denkinger","Kelly Denkinger","u"
"Jean","Louis","Baulieu","Jean Louis Baulieu","u"
"Dominique","","Huyskens","Dominique Huyskens","u"
"Young","","Lee","Young Lee","u"
"Francis","Raymond","Arkoncel","Francis Raymond Arkoncel","u"
"Christian","","Woelk","Christian Woelk","u"
"Subrata","","Barman","Subrata Barman","u"
"Jin","Young","Bae","Jin Young Bae","u"
"Jae","Sin","Choi","Jae Sin Choi","u"
"Christian","","Schnell","Christian Schnell","u"
"Shahin","","Zangooie","Shahin Zangooie","u"
"Jamie","","Wolf","Jamie Wolf","u"
"Chang","Hyeon","Joh","Chang Hyeon Joh","u"
"Adrian","","Tibbs","Adrian Tibbs","u"
"Min","","Chung","Min Chung","u"
"Chong","Woo","Chu","Chong Woo Chu","u"
"Lee","","Smythe","Lee Smythe","u"
"Lindsey","","Gardner","Lindsey Gardner","u"
"Aubrey","","Dyer","Aubrey Dyer","u"
"Jin","Young","Kim","Jin Young Kim","u"
"Christian","","Brand","Christian Brand","u"
"Michal","","Kost'al","Michal Kost'al","u"
"Chang","Keun","Jo","Chang Keun Jo","u"
"Adrian","","Baker","Adrian Baker","u"
"Chris","","Mulder","Chris Mulder","u"
"Akira","","Sugita","Akira Sugita","u"
"Anu","","Vaalama","Anu Vaalama","u"
"Gael","","Chetelat","Gael Chetelat","u"
"Chang","Woon","Choi","Chang Woon Choi","u"
"Chris","","Meijer","Chris Meijer","u"
"Chang","Soo","Eun","Chang Soo Eun","u"
"Kyung","Hwa","Han","Kyung Hwa Han","u"
"Juergen","","Huepkes","Juergen Huepkes","u"
"Juergen","","Wollweber","Juergen Wollweber","u"
"Jean","Paul","Callot","Jean Paul Callot","u"
"Chang","Su","Kim","Chang Su Kim","u"
"Jean","Jacques","Meister","Jean Jacques Meister","u"
"Ali","","Selim","Ali Selim","u"
"Chang","Woo","Lee","Chang Woo Lee","u"
"Jehee","","Lee","Jehee Lee","u"
"Eri","","Ejima","Eri Ejima","u"
"Marion","","Eisenhut","Marion Eisenhut","u"
"Jean","Marie","Bonnetblanc","Jean Marie Bonnetblanc","u"
"Hong","Yeol","Kim","Hong Yeol Kim","u"
"Lee","Wen","Huang","Lee Wen Huang","u"
"Lee","Wen","Huang","Lee Wen Huang","u"
"Jaime","","Moya","Jaime Moya","u"
"Young","Dok","Kim","Young Dok Kim","u"
"Qi","Cai","Chen","Qi Cai Chen","u"
"Lian","Bing","Lin","Lian Bing Lin","u"
"Makoto","","Hanaguri","Makoto Hanaguri","u"
"Christian","","Nagel","Christian Nagel","u"
"Noel","","Staeren","Noel Staeren","u"
"Michal","","Blaha","Michal Blaha","u"
"Kei","ichi","Tainaka","Kei ichi Tainaka","u"
"Guo","Wen","Liu","Guo Wen Liu","u"
"Akira","","Ishigami","Akira Ishigami","u"
"Dominique","","Jacquies","Dominique Jacquies","u"
"Mitsuru","","Munakata","Mitsuru Munakata","u"
"Akira","","Youkou","Akira Youkou","u"
"Chong","Jun","Li","Chong Jun Li","u"
"Jean","Jules","Tewa","Jean Jules Tewa","u"
"Jean","Yves","Rauch","Jean Yves Rauch","u"
"Michal","","Dohnal","Michal Dohnal","u"
"Tracey","","Fairweather","Tracey Fairweather","u"
"Kim","","Lockhart","Kim Lockhart","u"
"Chung","Hyun","Cho","Chung Hyun Cho","u"
"Jae","","Min","Jae Min","u"
"Christian","","Wuertele","Christian Wuertele","u"
"Sungmin","","Jung","Sungmin Jung","u"
"Elham","","Moosavi","Elham Moosavi","u"
"Pier","Andrea","De Iaco","Pier Andrea De Iaco","u"
"Jean","Yves","Scoazec","Jean Yves Scoazec","u"
"Ad","","Schreurs","Ad Schreurs","u"
