"first_name","middle_name","last_name","full_name","gender"
"Asif","","Tahir","Asif Tahir","u"
"Ferdinando","","Cananzi","Ferdinando Cananzi","u"
"German","","Pinzon-Duarte","German Pinzon-Duarte","u"
"Gustavo","Ferreira","Leonhardt","Gustavo Ferreira Leonhardt","u"
"Varun","","Notibala","Varun Notibala","u"
"Andreas","","Widmer","Andreas Widmer","u"
"Georgios","","Lappas","Georgios Lappas","u"
"James","","Vicary","James Vicary","m"
"Takahiko","","Kojima","Takahiko Kojima","m"
"Roland","","Hetzer","Roland Hetzer","m"
"Henrik","","Cronqvist","Henrik Cronqvist","m"
"Bas","","Havekes","Bas Havekes","m"
"Felix","","Schlesinger","Felix Schlesinger","m"
"Denes","","Kovacs","Denes Kovacs","m"
"Doric","","Wong","Doric Wong","m"
"Roberto","","Graglia","Roberto Graglia","m"
"Joshua","","Sebree","Joshua Sebree","m"
"Martin","","Tickle","Martin Tickle","m"
"Abdallah","","Oihabi","Abdallah Oihabi","m"
"Mostafa","","Barigou","Mostafa Barigou","m"
"Marc","","de Smet","Marc de Smet","m"
"Cedric","","Le May","Cedric Le May","m"
"Stephen","","Turner","Stephen Turner","m"
"Cesare","","Cuspidi","Cesare Cuspidi","m"
"Ralf","","Hass","Ralf Hass","m"
"Rainer","","Ehling","Rainer Ehling","m"
"Norio","","Komatsu","Norio Komatsu","m"
"Cameron","","Thies","Cameron Thies","m"
"Maurizio","","Calvitti","Maurizio Calvitti","m"
"Ichiro","","Kaneko","Ichiro Kaneko","m"
"Vincent","","Tam","Vincent Tam","m"
"Riccardo","","Moretti","Riccardo Moretti","m"
"Umesh","","Rajashekar","Umesh Rajashekar","m"
"Vicente","Paulo","Campos","Vicente Paulo Campos","m"
"Jules","","Janick","Jules Janick","m"
"Dejan","","Markovic","Dejan Markovic","m"
"Daniel","","Brennan","Daniel Brennan","m"
"Marcelo","","Cetkovich-Bakmas","Marcelo Cetkovich-Bakmas","m"
"Daniel","","Murman","Daniel Murman","m"
"Bernd","","Rauschenbach","Bernd Rauschenbach","m"
"Hanif","","Sherali","Hanif Sherali","m"
"Jordi","","Esteve","Jordi Esteve","m"
"Benjamin","","Keitz","Benjamin Keitz","m"
"Yuqing","","Zhang","Yuqing Zhang","m"
"Nikolai","","Makarov","Nikolai Makarov","m"
"Frank","","Dean","Frank Dean","m"
"Haitao","","Li","Haitao Li","m"
"Andre","","Boehman","Andre Boehman","m"
"Ajay","","Wasan","Ajay Wasan","m"
"James","","Foran","James Foran","m"
"Richard","","McElreath","Richard McElreath","m"
"Christopher","","Patterson","Christopher Patterson","m"
"Jouko","","Lahtinen","Jouko Lahtinen","m"
"Tom","","Ziegler","Tom Ziegler","m"
"Joshua","","Choi","Joshua Choi","m"
"Jian","","Li","Jian Li","m"
"Michael","","Kalafatis","Michael Kalafatis","m"
"David","","Dries","David Dries","m"
"Paul","","Keim","Paul Keim","m"
"Eduardo","","Groisman","Eduardo Groisman","m"
"Shuji","","Ogino","Shuji Ogino","m"
"Michael","","Ireland","Michael Ireland","m"
"Alain","","Bertoni","Alain Bertoni","m"
"Miguel","","Lazaro-Gredilla","Miguel Lazaro-Gredilla","m"
"Peng","","Liu","Peng Liu","m"
"Douglas","","Stephan","Douglas Stephan","m"
"Peter","","Appelbaum","Peter Appelbaum","m"
"Thomas","","Morf","Thomas Morf","m"
"Richard","","Hughes","Richard Hughes","m"
"Edson","","Rodrigues Junior","Edson Rodrigues Junior","m"
"Stefan","","Eggli","Stefan Eggli","m"
"Jeffrey","","Schwimmer","Jeffrey Schwimmer","m"
"Zbigniew","","Pianowski","Zbigniew Pianowski","m"
"Maurizio","","Taddei","Maurizio Taddei","m"
"Graeme","","Ruxton","Graeme Ruxton","m"
"Yue","","Wang","Yue Wang","m"
"Kevin","","Willison","Kevin Willison","m"
"Richard","","Ambrose","Richard Ambrose","m"
"Marcelo","","Nobrega","Marcelo Nobrega","m"
"Sergio","","Wittlin","Sergio Wittlin","m"
"Dale","","Godfrey","Dale Godfrey","m"
"Brian","","Leskiw","Brian Leskiw","m"
"Dominic","","Reeve","Dominic Reeve","m"
"Yunsheng","","Ma","Yunsheng Ma","m"
"Jeffrey","","Parvin","Jeffrey Parvin","m"
"Toru","","Hosoda","Toru Hosoda","m"
"Laurent","","Boiteau","Laurent Boiteau","m"
"Ferhan","Sami","Atalay","Ferhan Sami Atalay","m"
"Naveed","","Sattar","Naveed Sattar","m"
"William","","Evans","William Evans","m"
"Gordon","","Todd","Gordon Todd","m"
"Gary","","Martin","Gary Martin","m"
"Eung","Kwan","Lee","Eung Kwan Lee","m"
"Gianluca","","Rago","Gianluca Rago","m"
"Richard","","Treisman","Richard Treisman","m"
"Gary","","Clark","Gary Clark","m"
"Hojeong","","Kang","Hojeong Kang","m"
"Guo","Liang","Wang","Guo Liang Wang","m"
"Jigar","","Shah","Jigar Shah","m"
"Junfa","","Mao","Junfa Mao","m"
"Christopher","","Barker","Christopher Barker","m"
"Craig","","Young","Craig Young","m"
"Evandro","","Piva","Evandro Piva","m"
"Gaoquan","","Shi","Gaoquan Shi","m"
"Patrick","","Prunet","Patrick Prunet","m"
"Kenneth","","Linthicum","Kenneth Linthicum","m"
"Antonio","","Mezzetti","Antonio Mezzetti","m"
"Pekka","","Pyykko","Pekka Pyykko","m"
"Christoph","","Schotes","Christoph Schotes","m"
"Stephen","","Williams","Stephen Williams","m"
"John","","Foster","John Foster","m"
"Kyle","","Hiner","Kyle Hiner","m"
"Ismael","","Gaxiola-Valdez","Ismael Gaxiola-Valdez","m"
"Rupak","","Bhadra","Rupak Bhadra","m"
"De","Yi","Wang","De Yi Wang","m"
"Auguste","","Commeyras","Auguste Commeyras","m"
"Vern","","Schramm","Vern Schramm","m"
"Herve","","Cottet","Herve Cottet","m"
"Satoshi","","Yoshida","Satoshi Yoshida","m"
"Emil","","Pai","Emil Pai","m"
"Yuan","Hao","Liu","Yuan Hao Liu","m"
"Jonathan","","Levitt","Jonathan Levitt","m"
"Russell","","Baughman","Russell Baughman","m"
"Charles","","Van Buren","Charles Van Buren","m"
"Darren","","Freed","Darren Freed","m"
"Barry","","Kronenfeld","Barry Kronenfeld","m"
"Andrew","","McPherson","Andrew McPherson","m"
"Anthony","","Blinkhorn","Anthony Blinkhorn","m"
"Christopher","","O'Connor","Christopher O'Connor","m"
"Robert","","McMahon","Robert McMahon","m"
"Tony","","Easty","Tony Easty","m"
"Andreas","","Kispert","Andreas Kispert","m"
"Xi","","Wang","Xi Wang","m"
"Pierre","","Cochat","Pierre Cochat","m"
"Huseyin","","Genccelep","Huseyin Genccelep","m"
"Erhard","","Seifried","Erhard Seifried","m"
"Jiang","","Liu","Jiang Liu","m"
"David","","Penson","David Penson","m"
"Samuel","","Achilefu","Samuel Achilefu","m"
"Rainer","","Winter","Rainer Winter","m"
"Guenter","","Grampp","Guenter Grampp","m"
"Dewayne","","Shoemaker","Dewayne Shoemaker","m"
"Jean","Claude","Tardif","Jean Claude Tardif","m"
"Stefan","","Tullius","Stefan Tullius","m"
"Kwang","Ho","Kim","Kwang Ho Kim","m"
"Yu","Jen","Chen","Yu Jen Chen","m"
"Stefan","","Funkner","Stefan Funkner","m"
"Ion","","Lungu","Ion Lungu","m"
"Christopher","","Wood","Christopher Wood","m"
"Mark","","Prichard","Mark Prichard","m"
"Andrzej","","Bartoszewcz","Andrzej Bartoszewcz","m"
"Michael","","Weller","Michael Weller","m"
"Robert","","Grubbs","Robert Grubbs","m"
"James","","Cowen","James Cowen","m"
"Alexander","","Voityuk","Alexander Voityuk","m"
"Theodore","","DeWeese","Theodore DeWeese","m"
"Pablo","","Artal","Pablo Artal","m"
"Bibhas","Ranjan","Majhi","Bibhas Ranjan Majhi","m"
"George","Jiunruey","Huang","George Jiunruey Huang","m"
"Viresh","","Rawal","Viresh Rawal","m"
"Christoph","","Alexiou","Christoph Alexiou","m"
"Sanjay","","Kakar","Sanjay Kakar","m"
"Karsten","","Heyne","Karsten Heyne","m"
"Antonio","Macilio","Pereira de Lucenas","Antonio Macilio Pereira de Lucenas","m"
"Robert","","Freishtat","Robert Freishtat","m"
"Andrew","","Mackay","Andrew Mackay","m"
"Shi","Wu","Wen","Shi Wu Wen","m"
"Steven","","Allen","Steven Allen","m"
"Dmitri","","Louzguine-Luzgin","Dmitri Louzguine-Luzgin","m"
"Melvin","","Yap","Melvin Yap","m"
"Murray","","Krahn","Murray Krahn","m"
"Sergio","Gregorio","DaSilva","Sergio Gregorio DaSilva","m"
"Andres","","Jaramillo-Botero","Andres Jaramillo-Botero","m"
"Daniel","","Coyne","Daniel Coyne","m"
"David","","Berry","David Berry","m"
"Per","","Alstrom","Per Alstrom","m"
"David","","Mason","David Mason","m"
"Mustafa","Serdar","Genc","Mustafa Serdar Genc","m"
"Daniel","","Beard","Daniel Beard","m"
"Edward","","Nowicki","Edward Nowicki","m"
"Will","","Minuth","Will Minuth","m"
"Patrick","","Nguyen","Patrick Nguyen","m"
"Philippe","","Broet","Philippe Broet","m"
"Michael","","Horowitz","Michael Horowitz","m"
"Manuel","Pedro","Salema Fevereiro","Manuel Pedro Salema Fevereiro","m"
"Mark","","Smyth","Mark Smyth","m"
"Dirk","","Zahn","Dirk Zahn","m"
"Anthony","","Harriman","Anthony Harriman","m"
"Martin","","Gentner","Martin Gentner","m"
"Adunias","dos","Teixeira","Adunias dos Teixeira","m"
"Rob","","Kusters","Rob Kusters","m"
"Fred","","Dyer","Fred Dyer","m"
"Brian","","Hogg","Brian Hogg","m"
"Donald","","Tyndall","Donald Tyndall","m"
"Ralph","","Thomeer","Ralph Thomeer","m"
"Young","chul","Ghim (Kim)","Young chul Ghim (Kim)","m"
"Kevin","","McLaughlin","Kevin McLaughlin","m"
"Jim","","Hu","Jim Hu","m"
"Bart","","Koes","Bart Koes","m"
"Ronald","","See","Ronald See","m"
"Andrey","","Tolmachev","Andrey Tolmachev","m"
"Salvador","","Ventura","Salvador Ventura","m"
"Michael","","Murphy","Michael Murphy","m"
"Esteban","","Mocskos","Esteban Mocskos","m"
"Mario","Marcello","Miglietta","Mario Marcello Miglietta","m"
"Mahesh","","Tirumkudulu","Mahesh Tirumkudulu","m"
"Weiying","","Lin","Weiying Lin","m"
"David","","Kowbel","David Kowbel","m"
"Mitsuhiro","","Kawata","Mitsuhiro Kawata","m"
"Jeffrey","","Montgomery","Jeffrey Montgomery","m"
"Samy","","El-Daly","Samy El-Daly","m"
"Sung","Hwa","Kim","Sung Hwa Kim","m"
"Richard","","Massey","Richard Massey","m"
"Stephen","","Hanson","Stephen Hanson","m"
"Serge","","Biollaz","Serge Biollaz","m"
"Roger","","Dmochowski","Roger Dmochowski","m"
"Manfred","","Scheer","Manfred Scheer","m"
"Andrew","","Horwitz","Andrew Horwitz","m"
"Andrew","","Teschendorff","Andrew Teschendorff","m"
"Sean","","O'Neill","Sean O'Neill","m"
"Christoph","","Correll","Christoph Correll","m"
"Tommaso","","Savini","Tommaso Savini","m"
"Timothy","","Myers","Timothy Myers","m"
"Stephan","","Schneider","Stephan Schneider","m"
"Gerhard","","Dahl","Gerhard Dahl","m"
"Arash","","Kiyoumarsi","Arash Kiyoumarsi","m"
"Steven","","Gallinger","Steven Gallinger","m"
"Norbert","","Schmitt","Norbert Schmitt","m"
"Ian","","Dixon","Ian Dixon","m"
"Yoshinori","","Tokura","Yoshinori Tokura","m"
"Karsten","","Heyne","Karsten Heyne","m"
"Ethan","David","Cohen","Ethan David Cohen","m"
"John","","Eadie","John Eadie","m"
"Lijun","","Rong","Lijun Rong","m"
"Ralph","","Weichselbaum","Ralph Weichselbaum","m"
"Ian","","Russell","Ian Russell","m"
"Petr","","Kral","Petr Kral","m"
"Hiroshi","","Suga","Hiroshi Suga","m"
"Daniel","","Weisdorf","Daniel Weisdorf","m"
"Abdulrahman","","Al-Ahmari","Abdulrahman Al-Ahmari","m"
"Oldrich","","Chloupek","Oldrich Chloupek","m"
"Dali","","Wang","Dali Wang","m"
"Yoshinori","","Tokura","Yoshinori Tokura","m"
"Takashi","","Saeki","Takashi Saeki","m"
"Paul","","Bomans","Paul Bomans","m"
"Xianchun","","Li","Xianchun Li","m"
"Herman","","Barkema","Herman Barkema","m"
"Antonio","","Craxi","Antonio Craxi","m"
"William","","Brunken","William Brunken","m"
"Raymond","","Laflamme","Raymond Laflamme","m"
"Xueming","","Luo","Xueming Luo","m"
"Bogdan","","Dragnea","Bogdan Dragnea","m"
"Sergey","","Ryabukhin","Sergey Ryabukhin","m"
"Diego","","Fernandez Slezak","Diego Fernandez Slezak","m"
"Amitava","","Dasgupta","Amitava Dasgupta","m"
"David","","Chi","David Chi","m"
"Junichi","","Nabekura","Junichi Nabekura","m"
"Riccardo","","Barbieri","Riccardo Barbieri","m"
"Christopher","","Ta","Christopher Ta","m"
"Jonas","","Bergh","Jonas Bergh","m"
"Robert","","Pickard","Robert Pickard","m"
"Carlos","","Duarte","Carlos Duarte","m"
"Justin","","Oberst","Justin Oberst","m"
"Koji","","Nakane","Koji Nakane","m"
"Takeshi","","Okanoue","Takeshi Okanoue","m"
"Petr","","Konarev","Petr Konarev","m"
"Yves","","Rolain","Yves Rolain","m"
"Timo","","Purmonen","Timo Purmonen","m"
"Jason","","Pope","Jason Pope","m"
"Chul","Hoon","Lee","Chul Hoon Lee","m"
"Gernot","","Bonkat","Gernot Bonkat","m"
"Arun","","Shaw","Arun Shaw","m"
"Joao","","Waerenborgh","Joao Waerenborgh","m"
"Ruben","","Hummelen","Ruben Hummelen","m"
"Anders","","Bergman","Anders Bergman","m"
"Mark","","Wainberg","Mark Wainberg","m"
"Vladimir","","Mouraviev","Vladimir Mouraviev","m"
"Arkadiusz","","Kozubek","Arkadiusz Kozubek","m"
"Osvaldo","","Chara","Osvaldo Chara","m"
"Charles","","Mioskowski","Charles Mioskowski","m"
"Igor","","Markov","Igor Markov","m"
"Richard","","Tilley","Richard Tilley","m"
"Geert","","Hommez","Geert Hommez","m"
"Hongbin","","Cao","Hongbin Cao","m"
"Olivier","","Blacque","Olivier Blacque","m"
"Hong","Fu","Wang","Hong Fu Wang","m"
"Benjamin","","Czech","Benjamin Czech","m"
"Yi","","Luo","Yi Luo","m"
"Fabiano","Buss","Cruz","Fabiano Buss Cruz","m"
"Patrick","","Ercole","Patrick Ercole","m"
"Abdul","","Sultan","Abdul Sultan","m"
"Marc","","Fontecave","Marc Fontecave","m"
"Liming","","Zhang","Liming Zhang","m"
"Michael","","Kalafatis","Michael Kalafatis","m"
"Hellmut","","Eckert","Hellmut Eckert","m"
"Karl","","Stapelfeldt","Karl Stapelfeldt","m"
"Dezheng","","Huo","Dezheng Huo","m"
"Philipp","","Vana","Philipp Vana","m"
"Barry","","Moore","Barry Moore","m"
"Helmut","","Wieczorek","Helmut Wieczorek","m"
"James","","Knowles","James Knowles","m"
"Hugh","","Lavery","Hugh Lavery","m"
"Louis","","Ederington","Louis Ederington","m"
"Yoshihisa","","Kubota","Yoshihisa Kubota","m"
"Massimo","","Gurioli","Massimo Gurioli","m"
"Boyko","","Atanassov","Boyko Atanassov","m"
"John","","Seubert","John Seubert","m"
"Mohamed","","Shaaban","Mohamed Shaaban","m"
"Sean","","Cleary","Sean Cleary","m"
"Yves","","Gueguen","Yves Gueguen","m"
"Gil","Ho","Kim","Gil Ho Kim","m"
"Mark","","Prichard","Mark Prichard","m"
"Zhipeng","","Li","Zhipeng Li","m"
"Xiangfeng","","Duan","Xiangfeng Duan","m"
"Eiichi","","Araki","Eiichi Araki","m"
"Benjamin","","Valdez","Benjamin Valdez","m"
"Jonathan","","Maletic","Jonathan Maletic","m"
"Kerim","","Kiymac","Kerim Kiymac","m"
"Taizo","","Nakamori","Taizo Nakamori","m"
"Rashid","","Ansumana","Rashid Ansumana","m"
"Diansheng","","Liu","Diansheng Liu","m"
"Geofrey","","De Visscher","Geofrey De Visscher","m"
"Diego","","Miotto","Diego Miotto","m"
"Darrell","","Sleep","Darrell Sleep","m"
"Ruslan","","Minyaev","Ruslan Minyaev","m"
"David","","Smith","David Smith","m"
"Christopher","","Lant","Christopher Lant","m"
"Martin","","Goldman","Martin Goldman","m"
"Jonathan","","Shaw","Jonathan Shaw","m"
"Ichiro","","Tayasu","Ichiro Tayasu","m"
"Gregory","","Udell","Gregory Udell","m"
"Oliver","","Adam","Oliver Adam","m"
"Muhammad","Saeed","Wagan","Muhammad Saeed Wagan","m"
"Hiroaki","","Setoguchi","Hiroaki Setoguchi","m"
"Wolfgang","","Raab","Wolfgang Raab","m"
"Philip","","Mirkes","Philip Mirkes","m"
"Aharon","","Gedanken","Aharon Gedanken","m"
"Darren","","Hamilton","Darren Hamilton","m"
"Jin","Tao","Wang","Jin Tao Wang","m"
"Henry","","Leung","Henry Leung","m"
"Albert","","Daxer","Albert Daxer","m"
"Tamas","","Mallat","Tamas Mallat","m"
"Per","","Pfeiffer","Per Pfeiffer","m"
"Ran","","Lv","Ran Lv","m"
"Boyu","","Chen","Boyu Chen","m"
"George","Davey","Smith","George Davey Smith","m"
"Bin","","Zhao","Bin Zhao","m"
"Daniel","","Bowron","Daniel Bowron","m"
"Jordi","","Bover","Jordi Bover","m"
"Andras","","Perczel","Andras Perczel","m"
"Keith","","Milsom","Keith Milsom","m"
"Haitao","","Liu","Haitao Liu","m"
"Gary","","Christopher","Gary Christopher","m"
"Vincent","","Artero","Vincent Artero","m"
"Miguel","","Angel Arrabal-Polo","Miguel Angel Arrabal-Polo","m"
"Tibor","","van Welsem","Tibor van Welsem","m"
"Jose","","Borrell","Jose Borrell","m"
"Jian","","Zhang","Jian Zhang","m"
"Robert","","Moritz","Robert Moritz","m"
"Terence","","Leung","Terence Leung","m"
"Gerard","","Hofland","Gerard Hofland","m"
"Mansoor","","Keyanpour-Rad","Mansoor Keyanpour-Rad","m"
"German","","Bollero","German Bollero","m"
"Chiu","On","Ng","Chiu On Ng","m"
"David","","Evans","David Evans","m"
"Hiroyuki","","Itabe","Hiroyuki Itabe","m"
"Zdenek","","Both","Zdenek Both","m"
"Mark","","Levine","Mark Levine","m"
"Costantino","","Di Carlo","Costantino Di Carlo","m"
"Ivan","","Jabin","Ivan Jabin","m"
"Christopher","","Tallman","Christopher Tallman","m"
"Marcel","","Verbeek","Marcel Verbeek","m"
"Zhihua","","Liu","Zhihua Liu","m"
"Ulysses","","Sallum","Ulysses Sallum","m"
"Mark","","Smyth","Mark Smyth","m"
"Scott","","Watson","Scott Watson","m"
"Nathan","","Siladke","Nathan Siladke","m"
"Jianfeng","","Xu","Jianfeng Xu","m"
"Brent","","Amberger","Brent Amberger","m"
"Matthew","","Taylor","Matthew Taylor","m"
"Koji","","Abe","Koji Abe","m"
"Yves","","Perel","Yves Perel","m"
"Kazuhiro","","Noda","Kazuhiro Noda","m"
"Radu","","Ignat","Radu Ignat","m"
"Wim","","Waetjen","Wim Waetjen","m"
"Marco","","Ferrari","Marco Ferrari","m"
"Dale","","Todicheeney-Mannes","Dale Todicheeney-Mannes","m"
"Philippe","","Coulombe","Philippe Coulombe","m"
"Syed","","Rahman","Syed Rahman","m"
"Murray","","Krahn","Murray Krahn","m"
"Tony","","LoBianco","Tony LoBianco","m"
"Steven","","Cohen","Steven Cohen","m"
"Alan","","Stewart","Alan Stewart","m"
"Rajiv","","Kumar","Rajiv Kumar","m"
"Peter","","Hunter","Peter Hunter","m"
"Yuji","","Kajiyama","Yuji Kajiyama","m"
"Markus","","Huss","Markus Huss","m"
"Hong","","Zhou","Hong Zhou","m"
"Mustafa","","Ozdogan","Mustafa Ozdogan","m"
"Juan","","Baeza","Juan Baeza","m"
"Reza","","Oladi","Reza Oladi","m"
"Fredrik","","Warnberg","Fredrik Warnberg","m"
"Tommy","","Ahlgren","Tommy Ahlgren","m"
"Daniel","","Jackson","Daniel Jackson","m"
"Bruno","","Le Rue","Bruno Le Rue","m"
"Paul","","Lampe","Paul Lampe","m"
"Ian","","van der Linde","Ian van der Linde","m"
"Rifat","","Hadziselimovic","Rifat Hadziselimovic","m"
"Vicente","","Maestro","Vicente Maestro","m"
"Owen","","McCarty","Owen McCarty","m"
"Jess","","Snedeker","Jess Snedeker","m"
"Andras","","Gruber","Andras Gruber","m"
"David","","Sobek","David Sobek","m"
"Pedro","","Garces","Pedro Garces","m"
"Bjoern","","Schuller","Bjoern Schuller","m"
"Gerardo","","Hernandez","Gerardo Hernandez","m"
"Paul","","Amyotte","Paul Amyotte","m"
"Changliang","","Zhu","Changliang Zhu","m"
"Pedro","","Cuesta","Pedro Cuesta","m"
"Antonio","","Teran-Vargas","Antonio Teran-Vargas","m"
"Donald","","Hilvert","Donald Hilvert","m"
"Leonardo","","Marchini","Leonardo Marchini","m"
"Richard","","Oleschuk","Richard Oleschuk","m"
"Jeffrey","","Klausner","Jeffrey Klausner","m"
"John","","Sanders","John Sanders","m"
"Sang","Kyu","Ye","Sang Kyu Ye","m"
"Pramod","","Borse","Pramod Borse","m"
"Alexandru","","Tiba","Alexandru Tiba","m"
"Tetsuro","","Kataoka","Tetsuro Kataoka","m"
"Ang","","Li","Ang Li","m"
"Norio","","Ishida","Norio Ishida","m"
"David","","Chae","David Chae","m"
"Ritesh","","Kumar","Ritesh Kumar","m"
"Hans","","Heinzer","Hans Heinzer","m"
"Guillermo","","Minguez Espallargas","Guillermo Minguez Espallargas","m"
"Vikrant","","Singh","Vikrant Singh","m"
"Mark","","Beaumont","Mark Beaumont","m"
"Ryan","","Rhodes","Ryan Rhodes","m"
"Amitesh","","Maiti","Amitesh Maiti","m"
"Sang","Won","Yeo","Sang Won Yeo","m"
"Nathan","","Lindquist","Nathan Lindquist","m"
"Shin'ichi","","Nojiri","Shin'ichi Nojiri","m"
"Charles","","Thomas","Charles Thomas","m"
"Florian","","Lang","Florian Lang","m"
"Hamid","Reza","Khavasi","Hamid Reza Khavasi","m"
"Mark","","Simmons","Mark Simmons","m"
"Graeme","","Eisenhofer","Graeme Eisenhofer","m"
"Neeraj","","Visen","Neeraj Visen","m"
"Ken","","Krauss","Ken Krauss","m"
"Claude","","Sirlin","Claude Sirlin","m"
"Yu","","Peng","Yu Peng","m"
"Per","","Seglen","Per Seglen","m"
"Ronald","","McKay","Ronald McKay","m"
"Claudiu","","Supuran","Claudiu Supuran","m"
"Daniel","","Kattnig","Daniel Kattnig","m"
"Yoshihisa","","Yamamoto","Yoshihisa Yamamoto","m"
"Benjamin","","Haas","Benjamin Haas","m"
"Aroldo","","Camargos","Aroldo Camargos","m"
"Antoine","","Merand","Antoine Merand","m"
"David","","Penson","David Penson","m"
"Alain","","Sand-Zantman","Alain Sand-Zantman","m"
"Takanori","","Yamaguchi","Takanori Yamaguchi","m"
"Toma","","Glasnov","Toma Glasnov","m"
"Antonio","","Rodolfo","Antonio Rodolfo","m"
"Somchai","","Thongtem","Somchai Thongtem","m"
"Gregory","","Payne","Gregory Payne","m"
"Joachim","","Pohlenz","Joachim Pohlenz","m"
"Yves","Andre","Bureau","Yves Andre Bureau","m"
"George","","Church","George Church","m"
"Rajat","","Varma","Rajat Varma","m"
"Hailong","","Zhou","Hailong Zhou","m"
"Mohammad","","Tehranipoor","Mohammad Tehranipoor","m"
"Martin","","Allan","Martin Allan","m"
"Fabio","","Tardella","Fabio Tardella","m"
"Hasan","Tahsin","Gozdas","Hasan Tahsin Gozdas","m"
"Pieter","","Dijkstra","Pieter Dijkstra","m"
"Tony","","Easty","Tony Easty","m"
"Ziad","","Salameh","Ziad Salameh","m"
"Arjan","","Durresi","Arjan Durresi","m"
"Samuel","","Saunders","Samuel Saunders","m"
"Daniel","","Grossman","Daniel Grossman","m"
"David","","Sobek","David Sobek","m"
"Graham","","Stewart","Graham Stewart","m"
"Bryan","","Eger","Bryan Eger","m"
"Gerhard","","Buchbauer","Gerhard Buchbauer","m"
"Johan","","Sundberg","Johan Sundberg","m"
"Dimitrios","","Kyriakidis","Dimitrios Kyriakidis","m"
"Henri","","Brunengraber","Henri Brunengraber","m"
"Wolfgang","","Buermann","Wolfgang Buermann","m"
"Andreu","","Cabot","Andreu Cabot","m"
"Michael","","Diamond","Michael Diamond","m"
"Edward","","O'Brien","Edward O'Brien","m"
"Bertrand","","Godeau","Bertrand Godeau","m"
"Gary","","Clark","Gary Clark","m"
"Wei","Dong","Zhang","Wei Dong Zhang","m"
"Guoqiang","","Yu","Guoqiang Yu","m"
"Charles","","Ascher-Walsh","Charles Ascher-Walsh","m"
"Sang","Hyun","Oh","Sang Hyun Oh","m"
"Christophe","","Coupeau","Christophe Coupeau","m"
"Dominic","","Simon","Dominic Simon","m"
"Albert","","Picado","Albert Picado","m"
"Richard","","Norman","Richard Norman","m"
"Sanjeevan","","Pasupati","Sanjeevan Pasupati","m"
"Li","Ming","Su","Li Ming Su","m"
"Hans","Joachim","Ruscheweyh","Hans Joachim Ruscheweyh","m"
"Min","","Jiang","Min Jiang","m"
"Christopher","","Whiteley","Christopher Whiteley","m"
"Aleksander","","Sieron","Aleksander Sieron","m"
"David","Henry","Jimmy","David Henry Jimmy","m"
"Yaodong","","Zhao","Yaodong Zhao","m"
"Bo","","Li","Bo Li","m"
"Vadim","","Makarov","Vadim Makarov","m"
"Xue","Jun","Liu","Xue Jun Liu","m"
"Charles","","Pelizzari","Charles Pelizzari","m"
"Ravinder","Kumar","Kohli","Ravinder Kumar Kohli","m"
"Philippe","","Broet","Philippe Broet","m"
"Michael","","Krouse","Michael Krouse","m"
"Frederic","","Bois","Frederic Bois","m"
"Ricardo","","Matute","Ricardo Matute","m"
"Carmine","","Nappi","Carmine Nappi","m"
"Florian","","Weigend","Florian Weigend","m"
"Dirk","","De Vos","Dirk De Vos","m"
"Ken","ichi","Fujita","Ken ichi Fujita","m"
"David","","Carroll","David Carroll","m"
"Adam","","Sonabend","Adam Sonabend","m"
"Claudio","","Ponticelli","Claudio Ponticelli","m"
"Marco","","Locatelli","Marco Locatelli","m"
"Craig","","Abel","Craig Abel","m"
"Hasan","","Demirkoparan","Hasan Demirkoparan","m"
"Arthur","","Leung","Arthur Leung","m"
"Alan","","Garny","Alan Garny","m"
"Michael","","Liang","Michael Liang","m"
"Jeffrey","","Munson","Jeffrey Munson","m"
"John","","Carrino","John Carrino","m"
"Leonard","","Gomella","Leonard Gomella","m"
"Shiv","","Gautam","Shiv Gautam","m"
"Matija","","Tomsic","Matija Tomsic","m"
"Francisco","","Aranda","Francisco Aranda","m"
"Rajkumar","","Ganesan","Rajkumar Ganesan","m"
"Salih","","Sanlioglu","Salih Sanlioglu","m"
"Jerome","","Ritz","Jerome Ritz","m"
"David","","Sanchez-Garcia","David Sanchez-Garcia","m"
"Eric","","Rosero","Eric Rosero","m"
"Emad","","Ahmed","Emad Ahmed","m"
"Bin","","Cui","Bin Cui","m"
"Michael","","Schnall-Levin","Michael Schnall-Levin","m"
"James","","Meador-Woodruff","James Meador-Woodruff","m"
"Philipp","","Muigg","Philipp Muigg","m"
"Ercole","","Cavalieri","Ercole Cavalieri","m"
"Geon","Ho","Choe","Geon Ho Choe","m"
"Young","Tae","Kim","Young Tae Kim","m"
"Jose","Carlos","Netto-Ferreira","Jose Carlos Netto-Ferreira","m"
"Noedir","Antonio","Groppo Stolf","Noedir Antonio Groppo Stolf","m"
"Hisashi","","Kajiura","Hisashi Kajiura","m"
"Horst","","Hahn","Horst Hahn","m"
"Franz","","Petermann","Franz Petermann","m"
"Michael","","Ittmann","Michael Ittmann","m"
"Miguel","","Clemente-Leon","Miguel Clemente-Leon","m"
"Ian","","Mohr","Ian Mohr","m"
"Michael","","Price","Michael Price","m"
"Trygve","","Tollefsbol","Trygve Tollefsbol","m"
"Daniel","","Savic","Daniel Savic","m"
"Bilal","","Al-Nawas","Bilal Al-Nawas","m"
"Jens","","Bukh","Jens Bukh","m"
"Leonardo","","Marchini","Leonardo Marchini","m"
"Andrew","","Smith","Andrew Smith","m"
"Seong","Heum","Park","Seong Heum Park","m"
"Wei","Liang","Sun","Wei Liang Sun","m"
"Roger","","Merkle","Roger Merkle","m"
"Lawrence","","Burgart","Lawrence Burgart","m"
"Bo","","Yan","Bo Yan","m"
"Nilesh","","Thumar","Nilesh Thumar","m"
"Federico","","Aulenta","Federico Aulenta","m"
"Ryan","","Bulson","Ryan Bulson","m"
"Jeremy","","Pena","Jeremy Pena","m"
"Graeme","","Bell","Graeme Bell","m"
"Todd","","Arnold","Todd Arnold","m"
"Vadim","","Korkhov","Vadim Korkhov","m"
"Jaume","","Llibre","Jaume Llibre","m"
"Giuseppe","","Dalfino","Giuseppe Dalfino","m"
"Gregory","","Voth","Gregory Voth","m"
"Gil","","Arvatz","Gil Arvatz","m"
"Henning","","Cammann","Henning Cammann","m"
"Gonzalo","","Angulo","Gonzalo Angulo","m"
"Michael","","Guggenheim","Michael Guggenheim","m"
"Yoshifumi","","Takeda","Yoshifumi Takeda","m"
"Jie","","Ji","Jie Ji","u"
"Yong","","Li","Yong Li","u"
"Ming","","Tregay","Ming Tregay","u"
"Xiaoming","","Wang","Xiaoming Wang","u"
"Georgios","","Lappas","Georgios Lappas","u"
"Hyo","Jin","Ahn","Hyo Jin Ahn","u"
"Hong","","Shen","Hong Shen","u"
"Jeno","","Fekete","Jeno Fekete","u"
"Juan","","Camacho-Cristobal","Juan Camacho-Cristobal","u"
"David","","Bartolo","David Bartolo","u"
"Yi","","Cai","Yi Cai","u"
"Zhilong","","Shi","Zhilong Shi","u"
"Carlos","","Herrera-Garcia","Carlos Herrera-Garcia","u"
"Rainer","","Hegger","Rainer Hegger","u"
"Fernando","Augusto","Barreiros","Fernando Augusto Barreiros","u"
"Eric","Chieh","Chou","Eric Chieh Chou","u"
"Steffen","","Dereich","Steffen Dereich","u"
"Meng","","Liu","Meng Liu","u"
"Erling","","Mellerup","Erling Mellerup","u"
"Hong","","Xiao","Hong Xiao","u"
"Yassine","","Zaier","Yassine Zaier","u"
"Fernando","","Dominguez-Castro","Fernando Dominguez-Castro","u"
"Jong","Hu","Park","Jong Hu Park","u"
"Jin","Ho","Choe","Jin Ho Choe","u"
"Uri","","Barash","Uri Barash","u"
"Mohamed","","Shaaban","Mohamed Shaaban","u"
"Hassan","Mohamed","Elsangedy","Hassan Mohamed Elsangedy","u"
"Andrey","","Starikov","Andrey Starikov","u"
"Shintaro","","Yasui","Shintaro Yasui","u"
"Kun","","Yang","Kun Yang","u"
"Yuriy","","Sharikov","Yuriy Sharikov","u"
"David","","Lof","David Lof","u"
"Liang","","Wen","Liang Wen","u"
"Weimin","","Cai","Weimin Cai","u"
"Xinchun","","Yang","Xinchun Yang","u"
"Robert","","Wesley","Robert Wesley","u"
"Miguel","","Quartin","Miguel Quartin","u"
"Ahmed","","Magheli","Ahmed Magheli","u"
"Lucas","","Redmond","Lucas Redmond","u"
"Trevor","","Mole","Trevor Mole","u"
"Xingguo","","Liang","Xingguo Liang","u"
"Hong","","Zheng","Hong Zheng","u"
"Lance","","Miller","Lance Miller","u"
"Christopher","","Rice","Christopher Rice","u"
"Fernando","Augusto","Barreiros","Fernando Augusto Barreiros","u"
"Carlos","","Herrera","Carlos Herrera","u"
"Jesus","","Fernandez","Jesus Fernandez","u"
"Garth","","Cameron","Garth Cameron","u"
"Shigeyuki","","Tajima","Shigeyuki Tajima","u"
"Tadao","","Harada","Tadao Harada","u"
"Marcio","","Costa","Marcio Costa","u"
"Takeshi","","Nishino","Takeshi Nishino","u"
"Daniel","","Lin","Daniel Lin","u"
"Woo","Ram","Lee","Woo Ram Lee","u"
"Frederic","","Bois","Frederic Bois","u"
"Kyu","Sung","Lee","Kyu Sung Lee","u"
"Tulio","Machado","Fumian","Tulio Machado Fumian","u"
"Stefan","","Koperny","Stefan Koperny","u"
"Kai","Hang","Yiu","Kai Hang Yiu","u"
"Giovanni","","Pertosa","Giovanni Pertosa","u"
"Deusdedit","Cortez","Silva Neto","Deusdedit Cortez Silva Neto","u"
"Daniel","","Molle","Daniel Molle","u"
"Antonio","","Algaba","Antonio Algaba","u"
"Shi","Kai","Yan","Shi Kai Yan","u"
"Fei","","Wang","Fei Wang","u"
"Fabrice","","Simon","Fabrice Simon","u"
"Andre","","Smith","Andre Smith","u"
"Edwin","","Otten","Edwin Otten","u"
"Kwangmeyung","","Kim","Kwangmeyung Kim","u"
"Lajos","","Nagy","Lajos Nagy","u"
"Sayed","Hossein","Banitaba","Sayed Hossein Banitaba","u"
"Arun","","Gupta","Arun Gupta","u"
"Zoran","","Galic","Zoran Galic","u"
"Hidekazu","","Yoshikawa","Hidekazu Yoshikawa","u"
"Vasiliy","","Naumchik","Vasiliy Naumchik","u"
"David","","Lesage","David Lesage","u"
"Mikko","","Mayranpaa","Mikko Mayranpaa","u"
"Ahmed","","Mostafa","Ahmed Mostafa","u"
"Yu","Chen","Yang","Yu Chen Yang","u"
"Kwon","Il","Na","Kwon Il Na","u"
"Emanuel","Joaquim","Victoria Monteiro Oliveira","Emanuel Joaquim Victoria Monteiro Oliveira","u"
"Johannes","","Vissers","Johannes Vissers","u"
"Patrick","","Mueller","Patrick Mueller","u"
"Min","","Cui","Min Cui","u"
"Jean","Claude","Chaumeil","Jean Claude Chaumeil","u"
"Atsushi","","Takahashi","Atsushi Takahashi","u"
"Wan","Chen","Huang","Wan Chen Huang","u"
"Frank","","Stahl","Frank Stahl","u"
"Lei","","Yin","Lei Yin","u"
"Georgios","","Lukes-Gerakopoulos","Georgios Lukes-Gerakopoulos","u"
"Paolo","","Lodone","Paolo Lodone","u"
"Hye","Young","Kim","Hye Young Kim","u"
"Daniel","","Schindler","Daniel Schindler","u"
"James","","Lawson","James Lawson","u"
"Mark","","Riddle","Mark Riddle","u"
"Luca","","Ronfani","Luca Ronfani","u"
"Serkan","","Kaya","Serkan Kaya","u"
"Aziz","","Ogutlu","Aziz Ogutlu","u"
"Jian","Jun","Fu","Jian Jun Fu","u"
"Jeronimo","","Graf","Jeronimo Graf","u"
"Mayukh","","Das","Mayukh Das","u"
"Sachin","","Bhagwat","Sachin Bhagwat","u"
"Antonio","","Silva","Antonio Silva","u"
"Elliott","","Margulies","Elliott Margulies","u"
"Jiang","","Jiang","Jiang Jiang","u"
"Jian","","Shen","Jian Shen","u"
"Luis","Alberto","Oliveira Dallan","Luis Alberto Oliveira Dallan","u"
"Gui","Xia","Lu","Gui Xia Lu","u"
"Abu","James","Sundufu","Abu James Sundufu","u"
"Eduardo","","Vernon-Carter","Eduardo Vernon-Carter","u"
"Cedric","","Pennetier","Cedric Pennetier","u"
"Victor","","Khrustalev","Victor Khrustalev","u"
"Andrew","","Harris","Andrew Harris","u"
"Miquel","","Vilardell-Tarres","Miquel Vilardell-Tarres","u"
"Timothy","","Farley","Timothy Farley","u"
"Jerome","","Laurence","Jerome Laurence","u"
"Peng","","Liu","Peng Liu","u"
"Peng","","Wang","Peng Wang","u"
"Andras","","Szilagyi","Andras Szilagyi","u"
"Quan","Sheng","Wang","Quan Sheng Wang","u"
"Zheng","","Fan","Zheng Fan","u"
"Laszlo","","Sturmann","Laszlo Sturmann","u"
"Fabio","Fernando","de Araujo","Fabio Fernando de Araujo","u"
"Stewart","","Loker","Stewart Loker","u"
"Cristian","","Dobrota","Cristian Dobrota","u"
"Johan","","Detraux","Johan Detraux","u"
"Oscar","","Bravo","Oscar Bravo","u"
"Zexin","","Wang","Zexin Wang","u"
"Theodore","","Sand","Theodore Sand","u"
"Christopher","","Cheng","Christopher Cheng","u"
"Romeo","","Bellini","Romeo Bellini","u"
"Djamel","","Benguettat","Djamel Benguettat","u"
"Manas","Ranjan","Pattanayak","Manas Ranjan Pattanayak","u"
"Flavio","Pimenta","de Figueiredo","Flavio Pimenta de Figueiredo","u"
"Diego","","Russo","Diego Russo","u"
"Preston","","Brown","Preston Brown","u"
"Toshiyuki","","Kanamori","Toshiyuki Kanamori","u"
"Ryan","","Wagner","Ryan Wagner","u"
"Anil","","D'cruz","Anil D'cruz","u"
"Hiroshi","","Shimoda","Hiroshi Shimoda","u"
"Jie","","Hong","Jie Hong","u"
"Richard","","Nicholson","Richard Nicholson","u"
"Pengchong","","Xue","Pengchong Xue","u"
"Gerardo","","Hernandez-Sanchez","Gerardo Hernandez-Sanchez","u"
"Dieter","","Wolf","Dieter Wolf","u"
"Yasuo","","Yumoto","Yasuo Yumoto","u"
"Masahiro","","Yamazaki","Masahiro Yamazaki","u"
"Paride","","Papadia","Paride Papadia","u"
"John","","Joseph","John Joseph","u"
"Frederik","","Hoogwater","Frederik Hoogwater","u"
"Young","Mo","Koo","Young Mo Koo","u"
"Long","Jiang","Zhang","Long Jiang Zhang","u"
"Alain","","Lachaux","Alain Lachaux","u"
"David","","Schilling","David Schilling","u"
"Alex","","Carrete","Alex Carrete","u"
"Eugene","","Asahchop","Eugene Asahchop","u"
"Thomas","","Betsche","Thomas Betsche","u"
"Emmanuel","","Yewande","Emmanuel Yewande","u"
"Linjie","","Chen","Linjie Chen","u"
"Kai","Ming","You","Kai Ming You","u"
"Zhi","Hui","Xu","Zhi Hui Xu","u"
"Kuo","Hung","Huang","Kuo Hung Huang","u"
"Costin","Sorin","Bildea","Costin Sorin Bildea","u"
"Gustavo","","Milone","Gustavo Milone","u"
"El","Hassan","Hamdani","El Hassan Hamdani","u"
"Yong","","Zubairi","Yong Zubairi","u"
"Hans","","Rupprecht","Hans Rupprecht","u"
"Saurabh","","Nema","Saurabh Nema","u"
"Yutaka","","Tarui","Yutaka Tarui","u"
"Tianyi","","Zhang","Tianyi Zhang","u"
"Satoru","","Yasukawa","Satoru Yasukawa","u"
"Willy","","Chang","Willy Chang","u"
"Acaio","Zuniga","Leite","Acaio Zuniga Leite","u"
"Chien","Ping","Chiang","Chien Ping Chiang","u"
"Xu","","Ma","Xu Ma","u"
"Graeme","","Howe","Graeme Howe","u"
"Sebastien","","Deck","Sebastien Deck","u"
"Guillermo","","Deben","Guillermo Deben","u"
"Gonzalo","","Vasquez Palacio","Gonzalo Vasquez Palacio","u"
"Honggang","","Ye","Honggang Ye","u"
"Christoph","","Sinning","Christoph Sinning","u"
"Ji","Heon","Park","Ji Heon Park","u"
"Enrique","","Flores-Andrade","Enrique Flores-Andrade","u"
"Jie","","Sun","Jie Sun","u"
"Claudio","","Oddino","Claudio Oddino","u"
"Kuo","Hung","Huang","Kuo Hung Huang","u"
"Mamoru","","Kiniwa","Mamoru Kiniwa","u"
"Vincenzo","","Rivieccio","Vincenzo Rivieccio","u"
"Jianguo","","Yin","Jianguo Yin","u"
"Gustavo","","Gutierrez","Gustavo Gutierrez","u"
"Jian","","Gao","Jian Gao","u"
"Ricardo","","Santos","Ricardo Santos","u"
"Kun","","Lu","Kun Lu","u"
"Su","","Qu","Su Qu","u"
"David","","Stenger","David Stenger","u"
"Leonardo","Henrique","Gomes","Leonardo Henrique Gomes","u"
"Sebastien","","Briolant","Sebastien Briolant","u"
"Xiaoying","","Zhang","Xiaoying Zhang","u"
"Calogero","","Camma","Calogero Camma","u"
"Scott","","Brock","Scott Brock","u"
"Kiyoshi","","Setoguchi","Kiyoshi Setoguchi","u"
"Gabriel","","Canard","Gabriel Canard","u"
"Yusuf","","Yildirim","Yusuf Yildirim","u"
"Xiaoming","","Lin","Xiaoming Lin","u"
"Ruonan","","Xu","Ruonan Xu","u"
"Ryuichi","","Sakai","Ryuichi Sakai","u"
"Ill","Min","Chung","Ill Min Chung","u"
"Stephen","","Lee","Stephen Lee","u"
"Seung","Hoon","Lee","Seung Hoon Lee","u"
"Xiao","Hua","Yuan","Xiao Hua Yuan","u"
"Mario","","Binder","Mario Binder","u"
"Carlos","","Anaruma","Carlos Anaruma","u"
"Jacques","","Riou","Jacques Riou","u"
"Hong","Yan","Lu","Hong Yan Lu","u"
"Ernest","","Gould","Ernest Gould","u"
"Hao","Chieh","Hsieh","Hao Chieh Hsieh","u"
"Olli","","Salmi","Olli Salmi","u"
"Chaohui","","Ye","Chaohui Ye","u"
"Till","","Riehm","Till Riehm","u"
"Yoshiaki","","Kaneko","Yoshiaki Kaneko","u"
"Ronny","","Duncan","Ronny Duncan","u"
"Yu","","Chen","Yu Chen","u"
"Gregory","","Theodoridis","Gregory Theodoridis","u"
"Cyril","","Aubaud","Cyril Aubaud","u"
"Suguru","","Ohno","Suguru Ohno","u"
"Robert","","Suggs","Robert Suggs","u"
"Michael","","Puetz","Michael Puetz","u"
"Sung","Soo","Park","Sung Soo Park","u"
"Sam","","Stevens","Sam Stevens","u"
"Zheng","De","Deng","Zheng De Deng","u"
"Christopher","","McSweeney","Christopher McSweeney","u"
"Cun","Gang","Fan","Cun Gang Fan","u"
"Shi","Yong","Fan","Shi Yong Fan","u"
"Bin","","Yin","Bin Yin","u"
"Ryu","","Matsuoka","Ryu Matsuoka","u"
"Alfred","","Bockarie","Alfred Bockarie","u"
"Patrick","","Harter","Patrick Harter","u"
"Sheng","","Fang","Sheng Fang","u"
"Osamu","","Matsui","Osamu Matsui","u"
"Zhuo","","Chen","Zhuo Chen","u"
"Konstantinos","","Kyparissoudis","Konstantinos Kyparissoudis","u"
"Fan","","Yang","Fan Yang","u"
"Kasem","","Kulkeaw","Kasem Kulkeaw","u"
"Felipe","","Surco-Laos","Felipe Surco-Laos","u"
"Irfan","","Mohammed","Irfan Mohammed","u"
"Xavier","","Deffieux","Xavier Deffieux","u"
"David","","Karst","David Karst","u"
"Thomas","","Mbeeli","Thomas Mbeeli","u"
"Xiaolu","","Tang","Xiaolu Tang","u"
"Guang","Xi","Xing","Guang Xi Xing","u"
"Hikaru","","Tomoe","Hikaru Tomoe","u"
"Pedro","Luis","da Costa Aguiar Alves","Pedro Luis da Costa Aguiar Alves","u"
"Youssef","","Rouphael","Youssef Rouphael","u"
"Toshinori","","Oka","Toshinori Oka","u"
"John","","Turton","John Turton","u"
"Dave","","Chatoor","Dave Chatoor","u"
"Robert","","Wilkinson","Robert Wilkinson","u"
"Mikail","","Yarlioglues","Mikail Yarlioglues","u"
"Goro","","Takata","Goro Takata","u"
"Junichi","","Yukawa","Junichi Yukawa","u"
"Jose","Teixeira","de Seixas Filho","Jose Teixeira de Seixas Filho","u"
"Kenichiro","","Kusudo","Kenichiro Kusudo","u"
"Carl","","Balibar","Carl Balibar","u"
"Ichiro","","Horie","Ichiro Horie","u"
"Yoshihiro","","Ohmiya","Yoshihiro Ohmiya","u"
"Antonio","","Bastone","Antonio Bastone","u"
"Xinglong","","Huang","Xinglong Huang","u"
"Beom","Jin","Lee","Beom Jin Lee","u"
"Anderson","de","Barbosa","Anderson de Barbosa","u"
"Keisuke","","Kijima","Keisuke Kijima","u"
"Yves","","Reznik","Yves Reznik","u"
"Wei","","Lei","Wei Lei","u"
"Yu","","Zhang","Yu Zhang","u"
"Moussa","","Sanon","Moussa Sanon","u"
"Cyril","","Aubaud","Cyril Aubaud","u"
"Min","Ho","Jang","Min Ho Jang","u"
"Mark","","Levine","Mark Levine","u"
"Stefano","","Milione","Stefano Milione","u"
"Gregorio","","Villar","Gregorio Villar","u"
"Jia","Ming","Li","Jia Ming Li","u"
"Linping","","Zhang","Linping Zhang","u"
"Thomas","","Fox","Thomas Fox","u"
"Jorge","","Arias","Jorge Arias","u"
"Dietmar","","Eberbeck","Dietmar Eberbeck","u"
"Yu","","Korostelin","Yu Korostelin","u"
"Zhi","Bing","Zheng","Zhi Bing Zheng","u"
"Chul","Won","Park","Chul Won Park","u"
"Huihui","","Huang","Huihui Huang","u"
"Dennis","","Holzschuh","Dennis Holzschuh","u"
"Sheng","","Liu","Sheng Liu","u"
"Lon","Yen","Tsao","Lon Yen Tsao","u"
"Huajie","","Yin","Huajie Yin","u"
"Xiaohui","","Wu","Xiaohui Wu","u"
"Damir","","Becirevic","Damir Becirevic","u"
"Sachin","","Patil","Sachin Patil","u"
"Seiichi","","Morokuma","Seiichi Morokuma","u"
"James","","Chumley","James Chumley","u"
"Qunfeng","","Cheng","Qunfeng Cheng","u"
"Amadeus","","Brandau","Amadeus Brandau","u"
"Fotios","","Chrisomallis","Fotios Chrisomallis","u"
"Donald","","Everett","Donald Everett","u"
"Koji","","Kitada","Koji Kitada","u"
"Dongwook","","Kwon","Dongwook Kwon","u"
"Jin","Chun","Kim","Jin Chun Kim","u"
"Susumu","","Ohkawa","Susumu Ohkawa","u"
"Jung","Hyun","Kim","Jung Hyun Kim","u"
"Yoshio","","Kiyohara","Yoshio Kiyohara","u"
"David","","Salom","David Salom","u"
"Miklos","","Zrinyi","Miklos Zrinyi","u"
"Guillaume","","Parry","Guillaume Parry","u"
"Nagib","","Daher","Nagib Daher","u"
"Robert","","van Dongen","Robert van Dongen","u"
"Cristiano","Ragagnin","de Menezes","Cristiano Ragagnin de Menezes","u"
"Xiaoyong","","Fu","Xiaoyong Fu","u"
"Ramiro","","Costa","Ramiro Costa","u"
"Yun","","Shang","Yun Shang","u"
"Defang","","Xu","Defang Xu","u"
"Athanasios","","Theocharidis","Athanasios Theocharidis","u"
"Rui","","Silva","Rui Silva","u"
"Jon","","Amastae","Jon Amastae","u"
"Zhibin","","Hu","Zhibin Hu","u"
"Ales","","Ruzicka","Ales Ruzicka","u"
"Shoji","","Fujita","Shoji Fujita","u"
"Wei","Ming","Wang","Wei Ming Wang","u"
"Rolf","Juergen","Schwarz","Rolf Juergen Schwarz","u"
"Renzo","","De Toni","Renzo De Toni","u"
"Wei","","Han","Wei Han","u"
"Ken","","Miles","Ken Miles","u"
"Waldemar","","Bednarski","Waldemar Bednarski","u"
"Shinsuke","","Sato","Shinsuke Sato","u"
"Ruiqiang","","Li","Ruiqiang Li","u"
"Kai","","Shi","Kai Shi","u"
"Long","","Wan","Long Wan","u"
"Qi","","Tan","Qi Tan","u"
"Shiang","Huei","Jiang","Shiang Huei Jiang","u"
"Yuji","","Kajiyama","Yuji Kajiyama","u"
"Matthew","","Kasper","Matthew Kasper","u"
"Nobuya","","Yoshiki","Nobuya Yoshiki","u"
"Ming","Ming","Guo","Ming Ming Guo","u"
"Xu","","Ma","Xu Ma","u"
"Jiang","","Shen","Jiang Shen","u"
"Guo","Ping","Han","Guo Ping Han","u"
"Chi","Ming","Hu","Chi Ming Hu","u"
"Anders","","Rosell","Anders Rosell","u"
"Bruno","","Oertel","Bruno Oertel","u"
"Xiao","","Cheng","Xiao Cheng","u"
"Masaki","","Tachibana","Masaki Tachibana","u"
"Manas","Ranjan","Pattanayak","Manas Ranjan Pattanayak","u"
"Ranjeet","","Utikar","Ranjeet Utikar","u"
"Rong","Keng","Yap","Rong Keng Yap","u"
"Naoya","","Oketani","Naoya Oketani","u"
"Chun","Hung","Lai","Chun Hung Lai","u"
"Ruo","","Yuan","Ruo Yuan","u"
"Emanuele","","Ferrante","Emanuele Ferrante","u"
"Chunbo","","Tang","Chunbo Tang","u"
"Cun","","Wang","Cun Wang","u"
"Jing","","Fu","Jing Fu","u"
"Yufu","","Moriyama","Yufu Moriyama","u"
"Dong","Hyuk","Shin","Dong Hyuk Shin","u"
"Hong","Ru","Dong","Hong Ru Dong","u"
"Ryohei","","Takahashi","Ryohei Takahashi","u"
"Eran","","Hadar","Eran Hadar","u"
"Zhiqiang","","Huang","Zhiqiang Huang","u"
"Chien","Hung","Yeh","Chien Hung Yeh","u"
"Kenichiro","","Mizohata","Kenichiro Mizohata","u"
"Jae","Keun","Kim","Jae Keun Kim","u"
"Chang","Whan","Won","Chang Whan Won","u"
"Jean","","Fleischman","Jean Fleischman","f"
"Ronit","","Agid","Ronit Agid","f"
"Tracy","","Gunter","Tracy Gunter","f"
"Lynn","","Rosenberg","Lynn Rosenberg","f"
"Britt","Maria","Beckmann","Britt Maria Beckmann","f"
"Alexis","","Armour","Alexis Armour","f"
"Tracy","","Chaplin","Tracy Chaplin","f"
"Minh","","Huynh","Minh Huynh","f"
"Tracey","","Fiedler","Tracey Fiedler","f"
"Bobbie","","Farsides","Bobbie Farsides","f"
"Kim","","Cuddington","Kim Cuddington","f"
"Kim","","van der Linde","Kim van der Linde","f"
"Jie","Jin","Wang","Jie Jin Wang","f"
"Kelley","","Sookraj","Kelley Sookraj","f"
"Adrian","","Dobs","Adrian Dobs","f"
"Tracey","","Young","Tracey Young","f"
"Kelly","","L'Engle","Kelly L'Engle","f"
"Lesley","","Yellowlees","Lesley Yellowlees","f"
"Dominique","","Massey-Harroche","Dominique Massey-Harroche","f"
"Marion","","Alliet","Marion Alliet","f"
"Robin","","McLeod","Robin McLeod","f"
"Alexis","","Martinez","Alexis Martinez","f"
