"first_name","middle_name","last_name","full_name","gender"
"Ha","Lim","Oh","Ha Lim Oh","f"
"Michiyo","","Okada","Michiyo Okada","f"
"Yongsoon","","Park","Yongsoon Park","f"
"Klaske","","van Norren","Klaske van Norren","f"
"Shiao","Tong","Kong","Shiao Tong Kong","f"
"Faeze","","Gheysari","Faeze Gheysari","f"
"Meiling","","Liu","Meiling Liu","f"
"Annarita","","Farina","Annarita Farina","f"
"Moon","Jeong","Chang","Moon Jeong Chang","f"
"Frederieke","","Brouwers","Frederieke Brouwers","f"
"Doyin","","Oluwole","Doyin Oluwole","f"
"Yunhua","","Wang","Yunhua Wang","f"
"Hae","Yun","Nam","Hae Yun Nam","f"
"Kuniko","","Mitamura","Kuniko Mitamura","f"
"Ailine","","Stolz","Ailine Stolz","f"
"Eike","","Schwarze","Eike Schwarze","f"
"Aiwei","","Tang","Aiwei Tang","f"
"Nayereh","","Askari","Nayereh Askari","f"
"Ozge","","Ucuncu","Ozge Ucuncu","f"
"DongFan","","Wu","DongFan Wu","f"
"Hyunah","","Choo","Hyunah Choo","f"
"Kornkanok","","Ingkaninan","Kornkanok Ingkaninan","f"
"Tanise","","Shattock","Tanise Shattock","f"
"Sandani","","Samarajeewa","Sandani Samarajeewa","f"
"Keletso","","Mmoledi","Keletso Mmoledi","f"
"Cortnie","","Vogelsberg","Cortnie Vogelsberg","f"
"Th","","Arnorsson","Th Arnorsson","f"
"Basak","","Cingillioglu","Basak Cingillioglu","f"
"Ji","In","Kang","Ji In Kang","f"
"Anthoula","","Koliadi","Anthoula Koliadi","f"
"Meredyth","","Chaplin","Meredyth Chaplin","f"
"Marize","Pereira","Miagostovich","Marize Pereira Miagostovich","f"
"Tugba","","Olmez-Hanci","Tugba Olmez-Hanci","f"
"Ejuan","","Zhang","Ejuan Zhang","f"
"Tarsy","","Carballas","Tarsy Carballas","f"
"Rudeewan","","Tungpradit","Rudeewan Tungpradit","f"
"Sonay","Incesoy","Ozdemir","Sonay Incesoy Ozdemir","f"
"Lorah","","Dorn","Lorah Dorn","f"
"Tayyaba","","Hasan","Tayyaba Hasan","f"
"Weiqiong","","Gu","Weiqiong Gu","f"
"Zhuanzhuan","","Wang","Zhuanzhuan Wang","f"
"Sujung","","Choi","Sujung Choi","f"
"Sy","Jye","Leu","Sy Jye Leu","f"
"Virpi","","Tiitu","Virpi Tiitu","f"
"Yoona","","Ro","Yoona Ro","f"
"Nesrin","","Seyhan","Nesrin Seyhan","f"
"Neima","","Brauner","Neima Brauner","f"
"Oranuch","","Yayapao","Oranuch Yayapao","f"
"Funing","","Yan","Funing Yan","f"
"Inne","","Rinkes","Inne Rinkes","f"
"Felismina","","Moreira","Felismina Moreira","f"
"Mansoureh","","Shahsavani","Mansoureh Shahsavani","f"
"Niculina","","Bogdan","Niculina Bogdan","f"
"Melissanne","","de Wispelaere","Melissanne de Wispelaere","f"
"Kjersti","","Bruheim","Kjersti Bruheim","f"
"Karolin","","Hijazi","Karolin Hijazi","f"
"Klaske","","van Norren","Klaske van Norren","f"
"Bregje","","Onwuteaka-Philipsen","Bregje Onwuteaka-Philipsen","f"
"Roudayna","","Diab","Roudayna Diab","f"
"Nae","Choon","Yoo","Nae Choon Yoo","f"
"Azarmidokht","","Hosseinnia","Azarmidokht Hosseinnia","f"
"Yeryung","","Jeon","Yeryung Jeon","f"
"Farinaz","","Koushanfar","Farinaz Koushanfar","f"
"Dessislava","","Dimova","Dessislava Dimova","f"
"Darvi","de","Andre","Darvi de Andre","f"
"Yanee","","Pongpaibul","Yanee Pongpaibul","f"
"Dulcineia","Martins","de Albuquerque","Dulcineia Martins de Albuquerque","f"
"Nereide","","Santos-Magalhaes","Nereide Santos-Magalhaes","f"
"Siaw","Lin","Chan","Siaw Lin Chan","f"
"Sefa","","Gulturk","Sefa Gulturk","f"
"Jung","Seek","Yang","Jung Seek Yang","f"
"Ketayun","","Dinshaw","Ketayun Dinshaw","f"
"Shreemoyee","","Ganguly","Shreemoyee Ganguly","f"
"Fusako","","Fukushima","Fusako Fukushima","f"
"Imge","","Hulur","Imge Hulur","f"
"Hae","Rang","Chung","Hae Rang Chung","f"
"Sohini","","Chowdhury","Sohini Chowdhury","f"
"Albertinka","","Murk","Albertinka Murk","f"
"Cantwell","","Carson","Cantwell Carson","f"
"Soetkin","","Versteyhe","Soetkin Versteyhe","f"
"Misako","","Mishima","Misako Mishima","f"
"Jihyeon","","Lim","Jihyeon Lim","f"
"Daiva","","Tirilis","Daiva Tirilis","f"
"Shiromi","","Perera","Shiromi Perera","f"
"Youn","Ju","Choi","Youn Ju Choi","f"
"Oydis","","Ueland","Oydis Ueland","f"
"Suree","","Phutrakul","Suree Phutrakul","f"
"Subramaniam","","Mythily","Subramaniam Mythily","f"
"Thriveni","","Sanagala","Thriveni Sanagala","f"
"Soshan","","Cheong","Soshan Cheong","f"
"Jasvinder","","Kaur","Jasvinder Kaur","f"
"Marilia","Germanos","Castro","Marilia Germanos Castro","f"
"Yi","","Chen","Yi Chen","f"
"Hansy","","Haberkorn","Hansy Haberkorn","f"
"Ija","","Trapeznikova","Ija Trapeznikova","f"
"Humra","","Athar","Humra Athar","f"
"Bena","","Modzelewska-Banachiewicz","Bena Modzelewska-Banachiewicz","f"
"Attia","","Sarfraz","Attia Sarfraz","f"
"Seon","Kyoung","An","Seon Kyoung An","f"
"Turi","","King","Turi King","f"
"Haimanti","","Datta","Haimanti Datta","f"
"Hellevi","","Rikalainen","Hellevi Rikalainen","f"
"Ramyah","","Radman","Ramyah Radman","f"
"Yurdanur","","Kilinc","Yurdanur Kilinc","f"
"Goknur","","Guler","Goknur Guler","f"
"Weber","","Lau","Weber Lau","f"
"Wietske","","Vonk","Wietske Vonk","f"
"Ayu","","Toyota","Ayu Toyota","f"
"Suryun","","Ham","Suryun Ham","f"
"Garam","","Park","Garam Park","f"
"Hacer","Kuzu","Okur","Hacer Kuzu Okur","f"
"Waraporn","","Putalun","Waraporn Putalun","f"
"Amander","","Clark","Amander Clark","f"
"Wimalin","","Laosiritaworn","Wimalin Laosiritaworn","f"
"Sirin","","Yasar","Sirin Yasar","f"
"Misuzu","","Baba","Misuzu Baba","f"
"Misako","","Matsumoto","Misako Matsumoto","f"
"Riffat","","Sultana","Riffat Sultana","f"
"Se","Na","Kim","Se Na Kim","f"
"Ashrafosadat","","Hatamian-Zarmi","Ashrafosadat Hatamian-Zarmi","f"
"Mauren","","Azambuja Gonzalez","Mauren Azambuja Gonzalez","f"
"Ji","Soon","Kim","Ji Soon Kim","f"
"Tahereh","","Sabergharesou","Tahereh Sabergharesou","f"
"Nachi","","Yoshida","Nachi Yoshida","f"
"Gokce","","Tureli","Gokce Tureli","f"
"Watoo","","Phrompittayarat","Watoo Phrompittayarat","f"
"Yu","","Lyubarskii","Yu Lyubarskii","f"
"Jinrong","","Xiao","Jinrong Xiao","f"
"Laurin","","Hanft","Laurin Hanft","f"
"Meihua","","Li","Meihua Li","f"
"Ambyr","","Godboldo-Brooks","Ambyr Godboldo-Brooks","f"
"Nohora","","Marcela Mendoza","Nohora Marcela Mendoza","f"
"Maysa","de","Leite","Maysa de Leite","f"
"Pilai","","Poonswad","Pilai Poonswad","f"
"Shyamalee","","Gogoi","Shyamalee Gogoi","f"
"Wietske","","Vonk","Wietske Vonk","f"
"Fardous","","Mohamed","Fardous Mohamed","f"
"Attia","","Sarfraz","Attia Sarfraz","f"
"Svava","Osk","Jonsdottir","Svava Osk Jonsdottir","f"
"Ulya","","Ertem","Ulya Ertem","f"
"Ave","","Kodar","Ave Kodar","f"
"Ziynet","","Cinar","Ziynet Cinar","f"
"Muzeyyen","","Sirin","Muzeyyen Sirin","f"
"Annarosa","","Leri","Annarosa Leri","f"
"Tamires","","Carregosa","Tamires Carregosa","f"
"Soshan","","Cheong","Soshan Cheong","f"
"Duk","Yoon","Kim","Duk Yoon Kim","f"
"Sirilak","","Kamonwannasit","Sirilak Kamonwannasit","f"
"Nursel","","Dilek","Nursel Dilek","f"
"Orietta","","Dalpiaz","Orietta Dalpiaz","f"
"Domagoj","","Stimac","Domagoj Stimac","f"
"Yuwadee","","Peerapornpisal","Yuwadee Peerapornpisal","f"
"Uyen","","Le","Uyen Le","f"
"Ayu","","Toyota","Ayu Toyota","f"
"Sirkku","","Peltonen","Sirkku Peltonen","f"
"Jung","Sug","Lee","Jung Sug Lee","f"
"Agnita","","Kundu","Agnita Kundu","f"
"Elisangela","Franciscon","Guimaro Dias","Elisangela Franciscon Guimaro Dias","f"
"Miako","","Sakaguchi","Miako Sakaguchi","f"
"Encarna","","Garcia-Montoya","Encarna Garcia-Montoya","f"
"Tayyaba","","Hasan","Tayyaba Hasan","f"
"Nazan","","Tuna","Nazan Tuna","f"
"Flonia","","Levy-Adam","Flonia Levy-Adam","f"
"Rudeewan","","Tungpradit","Rudeewan Tungpradit","f"
"Alarcos","","Cieza","Alarcos Cieza","f"
"Hellevi","","Ruokonen","Hellevi Ruokonen","f"
"Azizeh","Mitra","Yousefi","Azizeh Mitra Yousefi","f"
"Keo","","Tabane","Keo Tabane","f"
"Thandi","","Mashao","Thandi Mashao","f"
"Onuma","","Techanuntachaikul","Onuma Techanuntachaikul","f"
"Elaheh","","Shakiba","Elaheh Shakiba","f"
"Ohyun","","Kwon","Ohyun Kwon","f"
"Roozbeh","Javad","Kalbasi","Roozbeh Javad Kalbasi","f"
"Adaleta","","Durmic-Pasic","Adaleta Durmic-Pasic","f"
"Erella","","Livne","Erella Livne","f"
"Tedra","","Walden","Tedra Walden","f"
"Zhenni","","Chi","Zhenni Chi","f"
"Cimen","","Karasu","Cimen Karasu","f"
"Lut","","Van Damme","Lut Van Damme","f"
"Namhee","","Kim","Namhee Kim","f"
"Albertinka","","Murk","Albertinka Murk","f"
"Hongmie","","Lee","Hongmie Lee","f"
"Yoke","","van't Veldt","Yoke van't Veldt","f"
"Titipun","","Thongtem","Titipun Thongtem","f"
"Marieta","","Karavvela","Marieta Karavvela","f"
"Itsuko","","Fukuda","Itsuko Fukuda","f"
"Lorah","","Dorn","Lorah Dorn","f"
"Yuntang","","Chen","Yuntang Chen","f"
"Somporn","","Chantara","Somporn Chantara","f"
"Alyne","","Simoes","Alyne Simoes","f"
"Hainian","","Wang","Hainian Wang","f"
"Yuppadee","","Nusai","Yuppadee Nusai","f"
"Egle","","Puodziukynaite","Egle Puodziukynaite","f"
"Wipapat","","Kladwang","Wipapat Kladwang","f"
"Mervat","","Abdelhalim","Mervat Abdelhalim","f"
"Tamires","","Matsui","Tamires Matsui","f"
"Hanife","","Kadioglu","Hanife Kadioglu","f"
"Tuula","","Pakkanen","Tuula Pakkanen","f"
"Youko","","Suehiro","Youko Suehiro","f"
"Mischa","","Bonn","Mischa Bonn","f"
"Ejuan","","Zhang","Ejuan Zhang","f"
"Mischa","","Bonn","Mischa Bonn","f"
"Floor","","Frederiks","Floor Frederiks","f"
"Onisha","","Patel","Onisha Patel","f"
"Shahla","","Parveen","Shahla Parveen","f"
"Hiroe","","Yamazaki","Hiroe Yamazaki","f"
"Annemie","","Bogaerts","Annemie Bogaerts","f"
"Dessislava","","Dimova","Dessislava Dimova","f"
"Nazmiye","","Yuksek","Nazmiye Yuksek","f"
"Mamatha","","Seethammagari","Mamatha Seethammagari","f"
"Nandoli","","von Marees","Nandoli von Marees","f"
"Juni","","Banerjee","Juni Banerjee","f"
"Soshan","","Cheong","Soshan Cheong","f"
"Mauren","","Azambuja Gonzalez","Mauren Azambuja Gonzalez","f"
"Silmara","","Neves","Silmara Neves","f"
"Sangwoon","","Yoon","Sangwoon Yoon","f"
"Ingrida","","Majore","Ingrida Majore","f"
"Sreelekha","","Benny","Sreelekha Benny","f"
"Shaesta","","Zaidi","Shaesta Zaidi","f"
"Roselind","","Lieb","Roselind Lieb","f"
"Pathmaja","","Paramsothy","Pathmaja Paramsothy","f"
"Puay","Hoon","Tan","Puay Hoon Tan","f"
"Rile","","Li","Rile Li","f"
"Saemi","","Park","Saemi Park","f"
"Ahter","Dilsad","Sanlioglu","Ahter Dilsad Sanlioglu","f"
"Seol","","Jeon","Seol Jeon","f"
"Nari","","Shin","Nari Shin","f"
"Nachi","","Yoshida","Nachi Yoshida","f"
"Makedonka","","Mitreva","Makedonka Mitreva","f"
"Moy","Fong","Chen","Moy Fong Chen","f"
"Amey","","Wadawale","Amey Wadawale","f"
"Elcin","","Ozgur","Elcin Ozgur","f"
"Laneta","","Dorflinger","Laneta Dorflinger","f"
"Renny","Kurnia","Hadiaty","Renny Kurnia Hadiaty","f"
"Koon","Gee","Neoh","Koon Gee Neoh","f"
"Marusa","","Bradac","Marusa Bradac","f"
"Yaowapa","","Lorjaroenphon","Yaowapa Lorjaroenphon","f"
"Yoon","Ju","Song","Yoon Ju Song","f"
"Sebnem","","Yosunkaya","Sebnem Yosunkaya","f"
"Inci","","Suleymanlar","Inci Suleymanlar","f"
"Que","","Lan","Que Lan","f"
"Karolynn","","Echols","Karolynn Echols","f"
"Taija","","Pietila","Taija Pietila","f"
"Vilja","","Pietiainen","Vilja Pietiainen","f"
"Arlete","","Santos","Arlete Santos","f"
"Shaimaa","","El Mongy","Shaimaa El Mongy","f"
"Idil","","Arslan-Alaton","Idil Arslan-Alaton","f"
"Magorzata","","Kopyra","Magorzata Kopyra","f"
"Napapon","","Sailasuta","Napapon Sailasuta","f"
"Sujatha","","Siddappa","Sujatha Siddappa","f"
"Piwowarczyk","","Magdalena","Piwowarczyk Magdalena","f"
"Saim","","Norashikin","Saim Norashikin","f"
"Gulsen","Tukenmez","Demirci","Gulsen Tukenmez Demirci","f"
"Diamanto","","Lazari","Diamanto Lazari","f"
"Terhi","","Hirvikorpi","Terhi Hirvikorpi","f"
"Glenis","","Wiebe","Glenis Wiebe","f"
"Kaisu","","Pienihakkinen","Kaisu Pienihakkinen","f"
"Lija","","Dukalska","Lija Dukalska","f"
"Kartika","","Padhan","Kartika Padhan","f"
"Nung","","Rudarakanchana","Nung Rudarakanchana","f"
"Alarcos","","Cieza","Alarcos Cieza","f"
"Pragna","","Das","Pragna Das","f"
"Kyoung","Hee","Nam","Kyoung Hee Nam","f"
"Humra","","Athar","Humra Athar","f"
"Shamen","","Xu","Shamen Xu","f"
"Riin","","Kutsar","Riin Kutsar","f"
"Ju","Dong","Lee","Ju Dong Lee","f"
"Henrieta","","S'kovierova","Henrieta S'kovierova","f"
"Wanwarang","","Watcharananun","Wanwarang Watcharananun","f"
"Roxelyn","","Baumgartner","Roxelyn Baumgartner","f"
"Menglan","","Chen","Menglan Chen","f"
"Bigna","","Woersdoerfer","Bigna Woersdoerfer","f"
"Qiaorui","","Liu","Qiaorui Liu","m"
"AnRong","","Wang","AnRong Wang","m"
"Vesselin","","Yamakov","Vesselin Yamakov","m"
"Sudish","","Murthy","Sudish Murthy","m"
"Kyu","Han","Kim","Kyu Han Kim","m"
"Jhi","Joung","Wang","Jhi Joung Wang","m"
"Dhinoth","","Bangarusamy","Dhinoth Bangarusamy","m"
"Navulla","","Anantharamulu","Navulla Anantharamulu","m"
"Didarul","","Chowdhury","Didarul Chowdhury","m"
"Satyapal","","Rangaraj","Satyapal Rangaraj","m"
"Heleen","","van Dijk","Heleen van Dijk","m"
"Nagesha","","Rao","Nagesha Rao","m"
"Costas","","Lallas","Costas Lallas","m"
"Seitaro","","Ito","Seitaro Ito","m"
"Muneesh","","Tewari","Muneesh Tewari","m"
"Dunnan","","Li","Dunnan Li","m"
"Goesta","","Pettersson","Goesta Pettersson","m"
"Prosenjit","","Das","Prosenjit Das","m"
"Fevzi","","Buyukkilic","Fevzi Buyukkilic","m"
"Lizhang","","Chen","Lizhang Chen","m"
"Jianan","","Wang","Jianan Wang","m"
"Danil","","Makarov","Danil Makarov","m"
"Serafin","","Gonzalez-Prieto","Serafin Gonzalez-Prieto","m"
"Yasunao","","Yoshimasa","Yasunao Yoshimasa","m"
"Pushpakiran","","Gullapalli","Pushpakiran Gullapalli","m"
"Parkson","","Chong","Parkson Chong","m"
"Subramanian","","Ajay","Subramanian Ajay","m"
"Geracimos","","Rassias","Geracimos Rassias","m"
"Sanjai","","Rao","Sanjai Rao","m"
"Venkateswarlu","","Bhamidi","Venkateswarlu Bhamidi","m"
"Faidon","","Harsoulis","Faidon Harsoulis","m"
"Beg","Hab","Kim","Beg Hab Kim","m"
"Chuwa","","Tei","Chuwa Tei","m"
"Zakier","","Hussain","Zakier Hussain","m"
"Yaniv","","Grinstein","Yaniv Grinstein","m"
"Zerrin","","Turkozer","Zerrin Turkozer","m"
"Weerachet","","Jittanit","Weerachet Jittanit","m"
"Naris","","Pojskic","Naris Pojskic","m"
"Mou","Sheng","Liu","Mou Sheng Liu","m"
"Hulusi","","Cokadar","Hulusi Cokadar","m"
"Euro","","Solari","Euro Solari","m"
"Seliem","","Seliem","Seliem Seliem","m"
"Juris","","Meier","Juris Meier","m"
"Datao","","Tu","Datao Tu","m"
"Jeong","Seop","Sim","Jeong Seop Sim","m"
"Kholood","","Saigh","Kholood Saigh","m"
"Siriwan","","Niti-Att","Siriwan Niti-Att","m"
"AnRong","","Wang","AnRong Wang","m"
"Akeo","","Kadota","Akeo Kadota","m"
"Shar","","Hashemi","Shar Hashemi","m"
"Nodar","","Tsintsadze","Nodar Tsintsadze","m"
"Shyh","Yuan","Lee","Shyh Yuan Lee","m"
"Fuyuhiko","","Tamanoi","Fuyuhiko Tamanoi","m"
"Yoshitomo","","Morinaga","Yoshitomo Morinaga","m"
"Kento","","Kagohara","Kento Kagohara","m"
"Lubos","","Komarek","Lubos Komarek","m"
"Jeetesh","","Patel","Jeetesh Patel","m"
"Ok","Keun","Song","Ok Keun Song","m"
"Vadlapudi","","Kumar","Vadlapudi Kumar","m"
"Koreaki","","Ito","Koreaki Ito","m"
"Qitao","","Ran","Qitao Ran","m"
"Kayhan","","Akyel","Kayhan Akyel","m"
"Sanjai","","Rao","Sanjai Rao","m"
"Seung","Joo","Kim","Seung Joo Kim","m"
"Tomiichi","","Hasegawa","Tomiichi Hasegawa","m"
"Pheroze","","Tamboli","Pheroze Tamboli","m"
"Hanqiao","","Zheng","Hanqiao Zheng","m"
"Qingshun","","Li","Qingshun Li","m"
"Gundi","","Baumeister","Gundi Baumeister","m"
"Sandhitsu","","Das","Sandhitsu Das","m"
"Pellegrini","","Lionel","Pellegrini Lionel","m"
"Amlesh","","Seth","Amlesh Seth","m"
"Pinaky","","Sett","Pinaky Sett","m"
"Coye","","Cheshire","Coye Cheshire","m"
"Jesem","","Orellana","Jesem Orellana","m"
"Motoyoshi","","Kobayashi","Motoyoshi Kobayashi","m"
"Kipp","","Chillag","Kipp Chillag","m"
"Fengmao","","Liu","Fengmao Liu","m"
"Mor","Mordechai","Peretz","Mor Mordechai Peretz","m"
"Ruksapong","","Kunanuruksapong","Ruksapong Kunanuruksapong","m"
"Nobuhide","","Maeda","Nobuhide Maeda","m"
"Mathijs","","Smit","Mathijs Smit","m"
"Sanjai","","Rao","Sanjai Rao","m"
"Berend","","Rikken","Berend Rikken","m"
"Shamik","","Ghoshal","Shamik Ghoshal","m"
"Hyun","Kuk","Park","Hyun Kuk Park","m"
"Costas","","Lallas","Costas Lallas","m"
"Toyoharu","","Nawa","Toyoharu Nawa","m"
"Gursel","","Yanik","Gursel Yanik","m"
"Ender","","Finol","Ender Finol","m"
"Teruhisa","","Sonoyama","Teruhisa Sonoyama","m"
"Kaspars","","Rusa","Kaspars Rusa","m"
"Mihails","","Hazans","Mihails Hazans","m"
"Qianghu","","Wang","Qianghu Wang","m"
"Hulusi","","Kececi","Hulusi Kececi","m"
"Shiuan","","Chen","Shiuan Chen","m"
"Oluwafemi","","Kuti","Oluwafemi Kuti","m"
"Ayfer","","Pazarbasi","Ayfer Pazarbasi","m"
"Laudino","","Lopez","Laudino Lopez","m"
"Mans","","Magnusson","Mans Magnusson","m"
"Jianji","","Pan","Jianji Pan","m"
"Sjoerd","","Harder","Sjoerd Harder","m"
"Sanghyeon","","Yoon","Sanghyeon Yoon","m"
"Venkateshwarlu","","Jetti","Venkateshwarlu Jetti","m"
"Jesko","","Verhey","Jesko Verhey","m"
"Jeyavijayan","","Rajendran","Jeyavijayan Rajendran","m"
"Xindao","","Yin","Xindao Yin","m"
"Nodar","","Tsintsadze","Nodar Tsintsadze","m"
"Yazhong","","Lin","Yazhong Lin","m"
"Eyob","","Zere","Eyob Zere","m"
"Kiyouhisa","","Ohnishi","Kiyouhisa Ohnishi","m"
"Lynden","","Archer","Lynden Archer","m"
"Shoukat","","Dedhar","Shoukat Dedhar","m"
"Sixtus","","Hynie","Sixtus Hynie","m"
"Kausik","","Ghosh","Kausik Ghosh","m"
"Mulin","","Hu","Mulin Hu","m"
"Wolfhard","","Moeller","Wolfhard Moeller","m"
"Seog","Joo","Kim","Seog Joo Kim","m"
"Furu","","Zhan","Furu Zhan","m"
"Muhittin","","Dinc","Muhittin Dinc","m"
"Yazhong","","Xiao","Yazhong Xiao","m"
"Ainelly","","Veerendhar","Ainelly Veerendhar","m"
"Cihangir","","Erem","Cihangir Erem","m"
"Fanhong","","Wu","Fanhong Wu","m"
"Sameh","Saad","Ali","Sameh Saad Ali","m"
"Yuen","","Tan","Yuen Tan","m"
"Arnulf","","Stenzl","Arnulf Stenzl","m"
"Kenzaburo","","Tani","Kenzaburo Tani","m"
"Keiichirou","","Takahashi","Keiichirou Takahashi","m"
"Seokhyun","","Yoon","Seokhyun Yoon","m"
"Kittiphong","","Huangrak","Kittiphong Huangrak","m"
"Tugrul","","Inanc","Tugrul Inanc","m"
"Cihan","Cem","Gurbuz","Cihan Cem Gurbuz","m"
"Ardawan","","Rastan","Ardawan Rastan","m"
"Gaobiao","","Xiao","Gaobiao Xiao","m"
"Garcia","","Guillaume","Garcia Guillaume","m"
"Fakhrulrozi","","Hussain","Fakhrulrozi Hussain","m"
"Keelara","","Abiraj","Keelara Abiraj","m"
"Hwancheol","","Son","Hwancheol Son","m"
"Jorim","Sousa","das Virgens Filho","Jorim Sousa das Virgens Filho","m"
"Takeaki","","Miyamoto","Takeaki Miyamoto","m"
"Muneesh","","Tewari","Muneesh Tewari","m"
"Shaochuang","","Wang","Shaochuang Wang","m"
"Dinshaw","","Patel","Dinshaw Patel","m"
"Banwarilal","","Sarkar","Banwarilal Sarkar","m"
"Hwan","You","Chang","Hwan You Chang","m"
"Rabin","","Banerjee","Rabin Banerjee","m"
"Adri","","van Duin","Adri van Duin","m"
"Chakradhari","","Sharan","Chakradhari Sharan","m"
"Toon","","Coenen","Toon Coenen","m"
"Wenyun","","Lu","Wenyun Lu","m"
"Vahram","","Haroutunian","Vahram Haroutunian","m"
"Cor","","Claeys","Cor Claeys","m"
"Sangphil","","Park","Sangphil Park","m"
"Hisamichi","","Kimura","Hisamichi Kimura","m"
"Xuzhao","","Li","Xuzhao Li","m"
"Dorry","","Segev","Dorry Segev","m"
"Wolfhard","","Moeller","Wolfhard Moeller","m"
"Choon","Hua","Thng","Choon Hua Thng","m"
"Woel","Kyu","Ha","Woel Kyu Ha","m"
"Won","Tae","Kwon","Won Tae Kwon","m"
"Anuvat","","Sirivat","Anuvat Sirivat","m"
"Tamerlan","","Saidov","Tamerlan Saidov","m"
"Ding","Ming","Wang","Ding Ming Wang","m"
"Kristiaan","","Helsen","Kristiaan Helsen","m"
"Taimin","","Noh","Taimin Noh","m"
"Joydeep","","Chowdhury","Joydeep Chowdhury","m"
"Yohsuke","","Takahashi","Yohsuke Takahashi","m"
"Maen","","Hammad","Maen Hammad","m"
"Tsutom","","Hiura","Tsutom Hiura","m"
"Mansoo","","Ro","Mansoo Ro","m"
"Hang","Rae","Kim","Hang Rae Kim","m"
"Natsuki","","Matsumoto","Natsuki Matsumoto","m"
"Debendra","","Mohapatra","Debendra Mohapatra","m"
"Joerg","","Schlaak","Joerg Schlaak","m"
"Krishnananda","","Chattopadhyay","Krishnananda Chattopadhyay","m"
"Falko","","Markulin","Falko Markulin","m"
"Lubos","","Komarek","Lubos Komarek","m"
"Tadahiko","","Mae","Tadahiko Mae","m"
"Vitezslav","","Dostal","Vitezslav Dostal","m"
"Filipp","","Furche","Filipp Furche","m"
"Eyas","","Hattab","Eyas Hattab","m"
"Congjun","","Wu","Congjun Wu","m"
"Shing","Shun","To","Shing Shun To","m"
"Sachio","","Horiuchi","Sachio Horiuchi","m"
"Augusciak","Duma","Aleksandra","Augusciak Duma Aleksandra","m"
"Ofir","","Turel","Ofir Turel","m"
"Motoyoshi","","Yamano","Motoyoshi Yamano","m"
"Vasileios","","Panoulas","Vasileios Panoulas","m"
"Reinier","","Cozijn","Reinier Cozijn","m"
"Adalstein","","Brown","Adalstein Brown","m"
"Sali","","Lv","Sali Lv","m"
"Mubasher","","Jamil","Mubasher Jamil","m"
"Munetoshi","","Sakai","Munetoshi Sakai","m"
"Munidasa","","Winslow","Munidasa Winslow","m"
"Shahab","","Shahnazari","Shahab Shahnazari","m"
"Rajib","","Chowdhury","Rajib Chowdhury","m"
"Miltiadis","","Tsilimbaris","Miltiadis Tsilimbaris","m"
"Yasutsugu","","Nagamoto","Yasutsugu Nagamoto","m"
"Aristomenis","","Exadaktylos","Aristomenis Exadaktylos","m"
"Taishin","","Nomura","Taishin Nomura","m"
"Mihhail","","Lotman","Mihhail Lotman","m"
"Sok","Kyu","Lee","Sok Kyu Lee","m"
"Abdolvahab","","Alborzi","Abdolvahab Alborzi","m"
"Umadas","","Maitra","Umadas Maitra","m"
"Thandavarayan","","Ramamurthy","Thandavarayan Ramamurthy","m"
"Tatsuhisa","","Kato","Tatsuhisa Kato","m"
"Sachio","","Horiuchi","Sachio Horiuchi","m"
"Jyrki","","Heino","Jyrki Heino","m"
"Tetsurou","","Handa","Tetsurou Handa","m"
"Ik","Jin","Kim","Ik Jin Kim","m"
"Hanzhuang","","Zhang","Hanzhuang Zhang","m"
"Fumito","","Aranami","Fumito Aranami","m"
"Berend","","Snijder","Berend Snijder","m"
"Zainal","","Salam","Zainal Salam","m"
"Jeyakumar","","Subbaroyan","Jeyakumar Subbaroyan","m"
"Pandurang","","Chouthaiwale","Pandurang Chouthaiwale","m"
"Ventsislav","","Valev","Ventsislav Valev","m"
"Freimar","","Segura-Sanchez","Freimar Segura-Sanchez","m"
"Peddy","","Vishweshwar","Peddy Vishweshwar","m"
"Loannis","","Papadoyannis","Loannis Papadoyannis","m"
"Sehyug","","Kwon","Sehyug Kwon","m"
"Rubik","","Asatryan","Rubik Asatryan","m"
"Lain","","Collings","Lain Collings","m"
"Boon","Chye","Ching","Boon Chye Ching","m"
"Oladosu","","Ojengbede","Oladosu Ojengbede","m"
"Donatus","","Ekwueme","Donatus Ekwueme","m"
"Santi","","Nonell","Santi Nonell","m"
"Shyh","Yuan","Lee","Shyh Yuan Lee","m"
"Fatos","","Xhafa","Fatos Xhafa","m"
"Hakki","","Acar","Hakki Acar","m"
"Ofir","","Arad","Ofir Arad","m"
"Theocharis","","Apostolatos","Theocharis Apostolatos","m"
"Rijo","","Hayashi","Rijo Hayashi","m"
"Teppei","","Morikawa","Teppei Morikawa","m"
"Mengji","","Lu","Mengji Lu","m"
"Setsuo","","Ooi","Setsuo Ooi","m"
"Bennis","","Youssef","Bennis Youssef","m"
"Jichen","","Xu","Jichen Xu","m"
"Tiedong","","Wang","Tiedong Wang","m"
"Ilhyong","","Ryu","Ilhyong Ryu","m"
"Reiji","","Fujimaki","Reiji Fujimaki","m"
"Arlan","","Richardson","Arlan Richardson","m"
"Pepijn","","de Vries","Pepijn de Vries","m"
"Fenge","","Li","Fenge Li","m"
"Zhang","Wei","Song","Zhang Wei Song","m"
"Zafar","","Ahsan","Zafar Ahsan","m"
"Vishwakarma","","Singh","Vishwakarma Singh","m"
"Syuma","","Yasuzuka","Syuma Yasuzuka","m"
"Devendar","","Rao","Devendar Rao","m"
"Yuntian","","Shen","Yuntian Shen","m"
"Jiaqian","","Qin","Jiaqian Qin","m"
"Jaeman","","Han","Jaeman Han","m"
"Hyungsoon","","Im","Hyungsoon Im","m"
"Yoshinosuke","","Usuki","Yoshinosuke Usuki","m"
"Ercument","","Dirice","Ercument Dirice","m"
"Dzmitry","","Hlushkou","Dzmitry Hlushkou","m"
"Perikles","","Simon","Perikles Simon","m"
"Reiji","","Kumai","Reiji Kumai","m"
"Reiji","","Kumai","Reiji Kumai","m"
"Wing","Leong","Teo","Wing Leong Teo","m"
"Taeseup","","Song","Taeseup Song","m"
"Tiberiu","","Seceleanu","Tiberiu Seceleanu","m"
"Mait","","Lang","Mait Lang","m"
"Jianji","","Wang","Jianji Wang","m"
"Soufien","","Dhouib","Soufien Dhouib","m"
"Behrouz","","Notash","Behrouz Notash","m"
"Terrill","","Hanson","Terrill Hanson","m"
"Sape","","Kinderman","Sape Kinderman","m"
"Dismand","","Houinato","Dismand Houinato","m"
"Ashesh","","Jani","Ashesh Jani","m"
"Climent","","Molins","Climent Molins","m"
"Jaehyung","","Park","Jaehyung Park","m"
"Chick","","Wilson","Chick Wilson","m"
"Rempei","","Kuwahara","Rempei Kuwahara","m"
"Kiyotake","","Ichizuka","Kiyotake Ichizuka","m"
"Yurij","","Mozharivskyj","Yurij Mozharivskyj","m"
"Gurdyal","","Besra","Gurdyal Besra","m"
"Nor","Eddine","Sounni","Nor Eddine Sounni","m"
"Hangnoh","","Lee","Hangnoh Lee","m"
"Mihhail","","Lotman","Mihhail Lotman","m"
"Avneesh","","Chhabra","Avneesh Chhabra","m"
"Noriki","","Terada","Noriki Terada","m"
"Hoang","Viet","Nguyen","Hoang Viet Nguyen","m"
"Chilla","Malla","Reddy","Chilla Malla Reddy","m"
"Vasileios","","Panoulas","Vasileios Panoulas","m"
"Marnik","","Dekimpe","Marnik Dekimpe","m"
"Magdy","","Hassouna","Magdy Hassouna","m"
"Raikko","","Kivekas","Raikko Kivekas","m"
"Tilman","","Schildhauer","Tilman Schildhauer","m"
"Ramakanth","","Pagadala","Ramakanth Pagadala","m"
"Hideomi","","Koinuma","Hideomi Koinuma","m"
"Navulla","","Anantharamulu","Navulla Anantharamulu","m"
"Joell","","Solan","Joell Solan","m"
"Anisur","","Rahman","Anisur Rahman","m"
"Kunche","","Aravindu","Kunche Aravindu","m"
"Marnik","","Dekimpe","Marnik Dekimpe","m"
"Kyu","Hwang","Yeon","Kyu Hwang Yeon","m"
"Zissimos","","Mourelatos","Zissimos Mourelatos","m"
"Motoyoshi","","Oda","Motoyoshi Oda","m"
"Sikora","","Jerzy","Sikora Jerzy","m"
"Agusti","","Lledos","Agusti Lledos","m"
"Seung","","Kim","Seung Kim","m"
"Maurici","","Lopez-Jorda","Maurici Lopez-Jorda","m"
"Yign","","Noh","Yign Noh","m"
"Jonghwa","","Shin","Jonghwa Shin","m"
"Deevi","","Basavaiah","Deevi Basavaiah","m"
"Artemios","","Bosabalidis","Artemios Bosabalidis","m"
"Hyung","Joun","Yoo","Hyung Joun Yoo","m"
"Asish","","Mukhopadhyay","Asish Mukhopadhyay","m"
"Misop","","Han","Misop Han","m"
"Supachok","","Sinchaikul","Supachok Sinchaikul","m"
"Turhan","","Caskurlu","Turhan Caskurlu","m"
"Hongkee","","Sah","Hongkee Sah","m"
"Vijayananda","","Nagaraj","Vijayananda Nagaraj","m"
"Soumyo","","Roy","Soumyo Roy","m"
"Junkichi","","Yokoyama","Junkichi Yokoyama","m"
"Daibang","","Nie","Daibang Nie","m"
"Chuanshu","","Huang","Chuanshu Huang","m"
"Sangkyune","","Kim","Sangkyune Kim","m"
"Norichika","","Ushioda","Norichika Ushioda","m"
"Thorsten","","Grams","Thorsten Grams","m"
"Nobuhide","","Fujitake","Nobuhide Fujitake","m"
"Maoz","","Fine","Maoz Fine","m"
"Goji","","Hasegawa","Goji Hasegawa","m"
"Caghan","","Demirci","Caghan Demirci","m"
"Rajaram","","Dangi","Rajaram Dangi","m"
"Yungtai","","Lo","Yungtai Lo","m"
"Fanhui","","Meng","Fanhui Meng","m"
"Nagy","","Mekhail","Nagy Mekhail","m"
"Pavadai","","Elumalai","Pavadai Elumalai","m"
"Jayaprakash","","Khanderi","Jayaprakash Khanderi","m"
"ZhongMao","","Guo","ZhongMao Guo","m"
"Woon","Khiong","Chan","Woon Khiong Chan","m"
"Fragiskos","","Kolisis","Fragiskos Kolisis","m"
"Kiumars","","Bahrami","Kiumars Bahrami","m"
"Kosmas","","Stafilas","Kosmas Stafilas","m"
"Hayao","","Kobayashi","Hayao Kobayashi","m"
"Mohd","","Bilal","Mohd Bilal","m"
"Tiancen","","Hu","Tiancen Hu","m"
"Whitlow","","Au","Whitlow Au","m"
"Shaji","","Kumar","Shaji Kumar","m"
"Arnulf","","Rosspeintner","Arnulf Rosspeintner","m"
"Setsuo","","Mitsuda","Setsuo Mitsuda","m"
"Servet","","Celik","Servet Celik","m"
"Cenk","","Gurbuz","Cenk Gurbuz","m"
"Yositaka","","Obara","Yositaka Obara","m"
"Pornchai","","Rachtanapun","Pornchai Rachtanapun","m"
"Costin","","Antonescu","Costin Antonescu","m"
"Sangiliyandi","","Gurunathan","Sangiliyandi Gurunathan","m"
"Tetsuaki","","Fujihara","Tetsuaki Fujihara","m"
"Shaker","","Mousa","Shaker Mousa","m"
"Aristophanis","","Pallikaris","Aristophanis Pallikaris","m"
"Wuzhou","","Wang","Wuzhou Wang","m"
"Vilmundur","","Gudnason","Vilmundur Gudnason","m"
"Navindra","","Seeram","Navindra Seeram","m"
"Tawat","","Taesotikul","Tawat Taesotikul","m"
"Katsutaka","","Oishi","Katsutaka Oishi","m"
"Hamada","","Ahmed","Hamada Ahmed","m"
"Hoong","","Lim","Hoong Lim","m"
"Artit","","Ridluan","Artit Ridluan","m"
"Jeonggi","","Kim","Jeonggi Kim","m"
"Mait","","Lang","Mait Lang","m"
"Wilco","","Peul","Wilco Peul","m"
"Joerg","","Schneider","Joerg Schneider","m"
"Xueni","","Zhao","Xueni Zhao","m"
"Hyun","Myung","Jang","Hyun Myung Jang","m"
"Dries","","Torbeyns","Dries Torbeyns","m"
"Gaudenzio","","Meneghesso","Gaudenzio Meneghesso","m"
"Wadood","","Hamad","Wadood Hamad","m"
"Vijayananda","","Nagaraj","Vijayananda Nagaraj","m"
"Ederson","","Nascimento","Ederson Nascimento","m"
"Jeong","Gu","Lee","Jeong Gu Lee","m"
"Qitao","","Ran","Qitao Ran","m"
"Matts","","Linder","Matts Linder","m"
"Augusciak","Duma","Aleksandra","Augusciak Duma Aleksandra","m"
"Arlan","","Richardson","Arlan Richardson","m"
"Hyun","Gyoo","Shin","Hyun Gyoo Shin","m"
"Jubin","","Jose","Jubin Jose","m"
"Sanjib","","Gogoi","Sanjib Gogoi","m"
"Seyed","Abbas","Shojaosadati","Seyed Abbas Shojaosadati","m"
"Myeong","Ok","Kim","Myeong Ok Kim","m"
"Wietse","","de Boer","Wietse de Boer","m"
"Tiebing","","Liu","Tiebing Liu","m"
"Tonu","","Lukk","Tonu Lukk","m"
"Arta","","Monjazeb","Arta Monjazeb","m"
"Minqi","","Li","Minqi Li","m"
"Natkunam","","Ketheesan","Natkunam Ketheesan","m"
"Hirotake","","Ishii","Hirotake Ishii","m"
"Kassab","","Mohamed","Kassab Mohamed","m"
"Roumen","","Zlatev","Roumen Zlatev","m"
"Schuyler","","Korban","Schuyler Korban","m"
"Seitaro","","Ito","Seitaro Ito","m"
"Ferda","","Senel","Ferda Senel","m"
"Keisho","","Kataoka","Keisho Kataoka","m"
"Ferderic","","Wrobel","Ferderic Wrobel","m"
"Hyunjoon","","Song","Hyunjoon Song","m"
"Aeilko","","Zwinderman","Aeilko Zwinderman","m"
"Adalstein","","Brown","Adalstein Brown","m"
"Boon","Hian","Loo","Boon Hian Loo","m"
"Lubos","","Komarek","Lubos Komarek","m"
"Wenyuan","","Zhu","Wenyuan Zhu","m"
"Sanin","","Haveric","Sanin Haveric","m"
"En","Tang","Kang","En Tang Kang","m"
"Wonhoon","","Lee","Wonhoon Lee","m"
"Kyu","Tek","Park","Kyu Tek Park","m"
"Kaku","","Tsuruzoe","Kaku Tsuruzoe","m"
"Surjith","","Vottath","Surjith Vottath","m"
"Rhiju","","Das","Rhiju Das","m"
"Minjoon","","Park","Minjoon Park","m"
"Chorng","Haur","Sow","Chorng Haur Sow","m"
"Ariff","","Bongso","Ariff Bongso","m"
"Payman","","Moallem","Payman Moallem","m"
"Shokei","","Kim-Mitsuyama","Shokei Kim-Mitsuyama","m"
"Shigeomi","","Chono","Shigeomi Chono","m"
"Faruque","","Ahmed","Faruque Ahmed","m"
"Tatsuaki","","Nakanishi","Tatsuaki Nakanishi","m"
"Diwakar","","Dinesh","Diwakar Dinesh","m"
"Olman","","Quiros Madrigal","Olman Quiros Madrigal","m"
"Fumiki","","Yoshihara","Fumiki Yoshihara","m"
"Debraj","","Nath","Debraj Nath","m"
"Yingjia","","Shen","Yingjia Shen","m"
"Nihat","","Kalay","Nihat Kalay","m"
"Yacin","","Ameur","Yacin Ameur","m"
"Sze","Ki","Luk","Sze Ki Luk","m"
"Leeor","","Kronik","Leeor Kronik","m"
"Dogan","","Demirhan","Dogan Demirhan","m"
"Sangik","","Moon","Sangik Moon","m"
"Anukorn","","Phuruangrat","Anukorn Phuruangrat","m"
"Rumin","","Yang","Rumin Yang","m"
"Dries","","Dobbelaere","Dries Dobbelaere","m"
"Edson","Hyidu","Mizobutsi","Edson Hyidu Mizobutsi","m"
"Hideomi","","Koinuma","Hideomi Koinuma","m"
"Mehedi","","Masud","Mehedi Masud","m"
"Yasuro","","Kadono","Yasuro Kadono","m"
"Jee","Hian","Tan","Jee Hian Tan","m"
"Sasidhar","","Varanasi","Sasidhar Varanasi","m"
"Teiji","","Sota","Teiji Sota","m"
"Morie","","Gertz","Morie Gertz","m"
"Robb","","Brumfield","Robb Brumfield","m"
"Emilios","","Pakos","Emilios Pakos","m"
"Fereydoun","","Hormozdiari","Fereydoun Hormozdiari","m"
"Giorgos","","Metsios","Giorgos Metsios","m"
"Gijsbertus","","de With","Gijsbertus de With","m"
"Ruoting","","Yang","Ruoting Yang","m"
"Mingang","","Ying","Mingang Ying","m"
"Kutay","","Cakiroglu","Kutay Cakiroglu","m"
"Rogers","","Leonard","Rogers Leonard","m"
"Atsuhiko","","Shinmyo","Atsuhiko Shinmyo","m"
"Umaru","","Bangura","Umaru Bangura","m"
"Ausencio","","Azuara-Dominguez","Ausencio Azuara-Dominguez","m"
"Kinya","","Nagata","Kinya Nagata","m"
"Abebaw","","Jemere","Abebaw Jemere","m"
"Qingli","","Cheng","Qingli Cheng","m"
"Dinshaw","","Patel","Dinshaw Patel","m"
"Haralampos","","Milionis","Haralampos Milionis","m"
"Sicheng","","Li","Sicheng Li","m"
"Shahab","","Shahnazari","Shahab Shahnazari","m"
"Vlastimil","","Dohnal","Vlastimil Dohnal","m"
"Dismand","","Houinato","Dismand Houinato","m"
"Tai","Hyoung","Cho","Tai Hyoung Cho","m"
"Ivano","","Bertini","Ivano Bertini","m"
"Yukihide","","Tomari","Yukihide Tomari","m"
"Pongsak","","Holimchayachotikul","Pongsak Holimchayachotikul","m"
"Rasim","","Ceylantekin","Rasim Ceylantekin","m"
"Lello","","Zolla","Lello Zolla","m"
"Arin","","Tomruk","Arin Tomruk","m"
"Jibitesh","","Dutta","Jibitesh Dutta","m"
"Leiv","","Sandvik","Leiv Sandvik","m"
"Dalei","","Wu","Dalei Wu","m"
"Suk","In","Noh","Suk In Noh","m"
"Mariastella","","Colomba","Mariastella Colomba","m"
"Paari","","Murugan","Paari Murugan","m"
"Younho","","Jung","Younho Jung","m"
"Danil","","Makarov","Danil Makarov","m"
"Zen","","Kouchi","Zen Kouchi","m"
"Arumugam","","Sudalai","Arumugam Sudalai","m"
"Vamik","","Volkan","Vamik Volkan","m"
"Hann","Chorng","Kuo","Hann Chorng Kuo","m"
"Maoz","","Fine","Maoz Fine","m"
"Kyung","Sub","Kim","Kyung Sub Kim","m"
"Mitsuhisa","","Sato","Mitsuhisa Sato","m"
"Xiongzhi","","Wu","Xiongzhi Wu","m"
"Tymish","","Ohulchanskyy","Tymish Ohulchanskyy","m"
"Jong","Hyeon","Peck","Jong Hyeon Peck","m"
"Temidayo","","Ogundiran","Temidayo Ogundiran","m"
"Juseok","","Hong","Juseok Hong","m"
"Tomotoshi","","Marumoto","Tomotoshi Marumoto","m"
"Shirzad","","Nasiri","Shirzad Nasiri","m"
"Maziar","","Karamnejad","Maziar Karamnejad","m"
"Sherin","","Boctor","Sherin Boctor","m"
"Huapu","","Pan","Huapu Pan","m"
"Danos","","Christodoulou","Danos Christodoulou","m"
"Kasim","","Bajrovic","Kasim Bajrovic","m"
"Kurinchi","Selvan","Gurusamy","Kurinchi Selvan Gurusamy","m"
"Arnel","","Ismail","Arnel Ismail","m"
"Clarke","","Taylor","Clarke Taylor","m"
"Ranendu","","Ghosh","Ranendu Ghosh","m"
"Hann","Chorng","Kuo","Hann Chorng Kuo","m"
"Wilco","","Peul","Wilco Peul","m"
"Bahaa","","Malaeb","Bahaa Malaeb","m"
"Hyungkyu","","Han","Hyungkyu Han","m"
"Jeong","Zoo","Lee","Jeong Zoo Lee","m"
"Tejpal","","Gupta","Tejpal Gupta","m"
"Refaul","","Ferdous","Refaul Ferdous","m"
"Xiongwu","","Kang","Xiongwu Kang","m"
"Nobutoshi","","Kiba","Nobutoshi Kiba","m"
"Haiteng","","Deng","Haiteng Deng","m"
"Diedrich","","Schmidt","Diedrich Schmidt","m"
"Ceyhun","","Bozkurt","Ceyhun Bozkurt","m"
"Juergen","","Gerlach","Juergen Gerlach","m"
"Ebner","","Azuara","Ebner Azuara","m"
"Rempei","","Kuwahara","Rempei Kuwahara","m"
"YaKai","","Feng","YaKai Feng","m"
"Subenoy","","Chakraborty","Subenoy Chakraborty","m"
"Magdi","","El-Sayed","Magdi El-Sayed","m"
"Juri","","Rappsilber","Juri Rappsilber","m"
"Setuko","","Masunari","Setuko Masunari","m"
"Olcay","","Hisar","Olcay Hisar","m"
"Otlis","","Sampimon","Otlis Sampimon","m"
"Vinzent","","Rolny","Vinzent Rolny","m"
"Osny","","Ferreira Junior","Osny Ferreira Junior","m"
"Rockford","","Draper","Rockford Draper","m"
"Tiit","","Nilson","Tiit Nilson","m"
"Yakup","","Kordan","Yakup Kordan","m"
"Dent","","Earl","Dent Earl","m"
"Ertugrul","","Gunturk","Ertugrul Gunturk","m"
"Onno","","Kranenburg","Onno Kranenburg","m"
"Badugu","","Devendar","Badugu Devendar","m"
"Abolfazl","(Kouros)","Mohammadian","Abolfazl (Kouros) Mohammadian","m"
"Abdolrahman","","Emamzadeh","Abdolrahman Emamzadeh","m"
"Ejiofor","","Ezekwe","Ejiofor Ezekwe","m"
"Tooru","","Atake","Tooru Atake","m"
"Celal","","Kilic","Celal Kilic","m"
"Ik","Hyun","Cho","Ik Hyun Cho","m"
"Mitsuhisa","","Fujimaki","Mitsuhisa Fujimaki","m"
"Jingchi","","Chen","Jingchi Chen","m"
"Mazyar","","Ziyaeyan","Mazyar Ziyaeyan","m"
"Gibran","","Hemani","Gibran Hemani","m"
"Keiju","","Takahashi","Keiju Takahashi","m"
"Ephantus","","Muturi","Ephantus Muturi","m"
"Tonu","","Lukk","Tonu Lukk","m"
"Sherin","","Boctor","Sherin Boctor","m"
"Biplab","","Sanyal","Biplab Sanyal","m"
"Tadaaki","","Ban-nai","Tadaaki Ban-nai","m"
"Sanjai","","Rao","Sanjai Rao","m"
"Selamettin","","Demir","Selamettin Demir","m"
"Raksh","","Jasra","Raksh Jasra","m"
"Jovonni","","Spinner","Jovonni Spinner","m"
"Wenyun","","Lu","Wenyun Lu","m"
"Insu","","Paek","Insu Paek","m"
"Aymn","","Rashad","Aymn Rashad","m"
"Torahiko","","Yamaguchi","Torahiko Yamaguchi","m"
"Nobutoshi","","Morimoto","Nobutoshi Morimoto","m"
"Sungjin","","Kim","Sungjin Kim","m"
"Abasali","","Gheisari","Abasali Gheisari","m"
"Taofeek","","Olabode","Taofeek Olabode","m"
"Bumsang","","Kim","Bumsang Kim","m"
"Arend","","Bonen","Arend Bonen","m"
"Weihe","","Han","Weihe Han","m"
"Shyh","Yuan","Lee","Shyh Yuan Lee","m"
"Desirazu","","Rao","Desirazu Rao","m"
"Teruki","","Motohashi","Teruki Motohashi","m"
"Kurinchi","Selvan","Gurusamy","Kurinchi Selvan Gurusamy","m"
"Jichen","","Xu","Jichen Xu","m"
"Fanhong","","Wu","Fanhong Wu","m"
"Tianqiang","","Song","Tianqiang Song","m"
"Firosh","","Khan","Firosh Khan","m"
"Qiaorui","","Liu","Qiaorui Liu","m"
"Weerah","","Wongkham","Weerah Wongkham","m"
"Kyu","Tek","Park","Kyu Tek Park","m"
"Shariff","","Kabir","Shariff Kabir","m"
"Won","Seung","Cho","Won Seung Cho","m"
"Honesto","","Poblete","Honesto Poblete","m"
"Freimar","","Segura-Sanchez","Freimar Segura-Sanchez","m"
"Jacco","","van Rheenen","Jacco van Rheenen","m"
"Jung","Bong","Kim","Jung Bong Kim","m"
"Dries","","Bonte","Dries Bonte","m"
"Manale","","Ouakki","Manale Ouakki","u"
"Shuizhou","","Cai","Shuizhou Cai","u"
"Kasame","","Thipo","Kasame Thipo","u"
"Wonbaek","","Kim","Wonbaek Kim","u"
"Fanyu","","Ning","Fanyu Ning","u"
"Nantaporn","","Kumsuk","Nantaporn Kumsuk","u"
"Duangta","","Kanjanapothi","Duangta Kanjanapothi","u"
"Melysia","","McCalman","Melysia McCalman","u"
"Sanemasa","","Ishida","Sanemasa Ishida","u"
"Neelaiah","","Siddaraju","Neelaiah Siddaraju","u"
"Berniek","","Hesselink","Berniek Hesselink","u"
"Nengzhi","","Chen","Nengzhi Chen","u"
"Yoonsu","","Cho","Yoonsu Cho","u"
"Meilikemu","","Masaidi","Meilikemu Masaidi","u"
"Yasheng","","Yan","Yasheng Yan","u"
"Leixiang","","Bian","Leixiang Bian","u"
"Shoujiro","","Ogawa","Shoujiro Ogawa","u"
"Steingrim","","Svenning","Steingrim Svenning","u"
"Xinyou","","Yu","Xinyou Yu","u"
"Youngkue","","Choi","Youngkue Choi","u"
"Akiomi","","Ushida","Akiomi Ushida","u"
"Mee","Ree","Kim","Mee Ree Kim","u"
"Takatsune","","Narumi","Takatsune Narumi","u"
"Sheau","Chiou","Chao","Sheau Chiou Chao","u"
"Aicong","","Geng","Aicong Geng","u"
"Gee","Yeng","Tien","Gee Yeng Tien","u"
"Sungryul","","Yun","Sungryul Yun","u"
"Xiaodai","","Lim","Xiaodai Lim","u"
"Laaziza","","Ben Khaled","Laaziza Ben Khaled","u"
"Gencheng","","Han","Gencheng Han","u"
"Runqian","","Sui","Runqian Sui","u"
"Yueheng","","Yang","Yueheng Yang","u"
"Ealmaan","","Kim","Ealmaan Kim","u"
"Doungporn","","Amornlerdpison","Doungporn Amornlerdpison","u"
"Yeol","","Lee","Yeol Lee","u"
"Hironaga","","Kuwahara","Hironaga Kuwahara","u"
"Arkadfusz","","Szterk","Arkadfusz Szterk","u"
"Soo","Muk","Cho","Soo Muk Cho","u"
"Yoonsu","","Nam","Yoonsu Nam","u"
"Shereif","","El-Basyuoni","Shereif El-Basyuoni","u"
"Yumushan","","Gunay","Yumushan Gunay","u"
"Kunshou","","Zhu","Kunshou Zhu","u"
"Nigun","","Tanriverdi","Nigun Tanriverdi","u"
"Suoyan","","Liu","Suoyan Liu","u"
"Chew","Wun","Wu","Chew Wun Wu","u"
"Xingxian","","Zhang","Xingxian Zhang","u"
"Khorrum","","Abdulla","Khorrum Abdulla","u"
"Shanchao","","Hong","Shanchao Hong","u"
"Zhongji","","Meng","Zhongji Meng","u"
"Ihoezo","","Ekhato","Ihoezo Ekhato","u"
"Mingce","","Long","Mingce Long","u"
"Hengxi","","Chen","Hengxi Chen","u"
"Mokdad","","Mezna","Mokdad Mezna","u"
"Lelin","","Pan","Lelin Pan","u"
"Youhu","","Fan","Youhu Fan","u"
"Xianxue","","Liu","Xianxue Liu","u"
"Tejencer","","Thakur","Tejencer Thakur","u"
"Lianhe","","Li","Lianhe Li","u"
"Yaochi","","Liu","Yaochi Liu","u"
"Mahboobe","Ghorbani","Ravandi","Mahboobe Ghorbani Ravandi","u"
"Sukalyan","","Purkayastha","Sukalyan Purkayastha","u"
"Sz","","Harangi","Sz Harangi","u"
"Ranjpour","","Reza","Ranjpour Reza","u"
"Wansoo","","Huh","Wansoo Huh","u"
"Uppalaiah","","Kusampally","Uppalaiah Kusampally","u"
"Haixiu","","Yang","Haixiu Yang","u"
"Shanzhi","","Wang","Shanzhi Wang","u"
"Thiberio","","Castelo","Thiberio Castelo","u"
"Chulhun","","Kang","Chulhun Kang","u"
"Geungjoo","","Lee","Geungjoo Lee","u"
"Gurses","","Sahin","Gurses Sahin","u"
"Jiemjai","","Kreasuwun","Jiemjai Kreasuwun","u"
"Nuchnapa","","Tangboriboon","Nuchnapa Tangboriboon","u"
"ZhaoSen","","Xie","ZhaoSen Xie","u"
"Chyekhoon","","Poh","Chyekhoon Poh","u"
"Terutoyo","","Yoshida","Terutoyo Yoshida","u"
"Do","Suk","Han","Do Suk Han","u"
"Vedantarn","","Rajshekhar","Vedantarn Rajshekhar","u"
"Luaay","","Aziz","Luaay Aziz","u"
"GeunWoong","","Yun","GeunWoong Yun","u"
"Gangotri","","Pemawat","Gangotri Pemawat","u"
"Kajor","","Maciej","Kajor Maciej","u"
"Ezeiny","","Ebeed","Ezeiny Ebeed","u"
"Utan","","Jamjai","Utan Jamjai","u"
"Leixiang","","Bian","Leixiang Bian","u"
"Ciriaque","","Sia","Ciriaque Sia","u"
"Jye","Lin","Hsu","Jye Lin Hsu","u"
"Oreina","","Orrantia Albizu","Oreina Orrantia Albizu","u"
"Bangming","","Tang","Bangming Tang","u"
"Chuti","on","Kanwatanakid-Savini","Chuti on Kanwatanakid-Savini","u"
"Weicui","","Ding","Weicui Ding","u"
"Oezguel","","Guen","Oezguel Guen","u"
"Sabrieh","","Ghasemi","Sabrieh Ghasemi","u"
"Khanh","","Pham","Khanh Pham","u"
"Shimeru","","Kamihira","Shimeru Kamihira","u"
"Huelague","","Kaptan","Huelague Kaptan","u"
"Whajin","","Hyun","Whajin Hyun","u"
"Oemuer","","Kasimcan","Oemuer Kasimcan","u"
"Zhongji","","Meng","Zhongji Meng","u"
"Halide","","Tuna","Halide Tuna","u"
"Whajin","","Hyun","Whajin Hyun","u"
"Mantana","","Nualchareon","Mantana Nualchareon","u"
"Biing","Teo","Wong","Biing Teo Wong","u"
"Lianyun","","Chen","Lianyun Chen","u"
"Maria","Grazia","Fumo","Maria Grazia Fumo","f"
"Elida","Nora","Ferri","Elida Nora Ferri","f"
"Elisabetta","","Maiolini","Elisabetta Maiolini","f"
"Barbara","","Shinn-Cunningham","Barbara Shinn-Cunningham","f"
"Senem","","Erdogmus","Senem Erdogmus","f"
"Figen","","Govsa","Figen Govsa","f"
"Petra","","Schuster","Petra Schuster","f"
"Andrea","","Servos","Andrea Servos","f"
"Melanie","","Pedro-Salcedo","Melanie Pedro-Salcedo","f"
"Cara","","Williams","Cara Williams","f"
"Martina","","Tinzi","Martina Tinzi","f"
"Ayse","","Demirkazik","Ayse Demirkazik","f"
"Geeta","","Chacko","Geeta Chacko","f"
"Cecilia","","Vergara","Cecilia Vergara","f"
"Lorena","","Norambuena","Lorena Norambuena","f"
"Viviana","","Ordenes","Viviana Ordenes","f"
"Anne","Laure","Jarnoux","Anne Laure Jarnoux","f"
"Miyuki","","Yano","Miyuki Yano","f"
"Padmaja","","Mehta","Padmaja Mehta","f"
"Barbara","","Bottazzi","Barbara Bottazzi","f"
"Laura","","Scarchilli","Laura Scarchilli","f"
