"first_name","middle_name","last_name","full_name","gender","api_gender","gender_infered"
"pierre","paul","grivel","pierre paul grivel","m","male","m"
"raul","","serapioni","raul serapioni","m","male","m"
"adriano","","moura","adriano moura","m","male","m"
"ralf","","kieser","ralf kieser","m","male","m"
"teppei","","ariyoshi","teppei ariyoshi","u","male","m"
"guillermo","","leon-de-la-barra","guillermo leon-de-la-barra","m","male","m"
"catherine","bouloux","marquet","catherine bouloux marquet","f","female","f"
"sabina","","pannek","sabina pannek","f","female","f"
"ralf","","kemper","ralf kemper","m","male","m"
"karl","","breitung","karl breitung","m","male","m"
"sushil","","singh","sushil singh","u","mostly_male","m"
"clemens","","bernhardson","clemens bernhardson","m","male","m"
"gregory","","gelles","gregory gelles","m","male","m"
"lester","","arguelles","lester arguelles","m","male","m"
"claude","joachim","hamann","claude joachim hamann","m","mostly_male","m"
"martin","","slawski","martin slawski","m","male","m"
"vlad","","timofte","vlad timofte","m","male","m"
"pasquale","","valentini","pasquale valentini","m","male","m"
"lourdes","","fernandes","lourdes fernandes","f","female","f"
"bruno","","crepon","bruno crepon","m","male","m"
"thomas","","farver","thomas farver","m","male","m"
"michael","","porter","michael porter","m","male","m"
"jorge","drumond","silva","jorge drumond silva","m","male","m"
"lewis","","hildyard","lewis hildyard","m","male","m"
"klaus","","haverkamp","klaus haverkamp","m","male","m"
"jost","hinrich","eschenburg","jost hinrich eschenburg","m","male","m"
"takashi","","aoki","takashi aoki","m","male","m"
"mirko","","muller","mirko muller","m","male","m"
"herman","","erlichson","herman erlichson","m","male","m"
"jim","","clay","jim clay","m","male","m"
"jerzy","","jezierski","jerzy jezierski","m","male","m"
"vitali","","wachtel","vitali wachtel","m","male","m"
"martin","","soukenka","martin soukenka","m","male","m"
"seiya","","haze","seiya haze","u","male","m"
"anatoly","","preygel","anatoly preygel","m","male","m"
"tatiana","","filippova","tatiana filippova","f","female","f"
"joachim","","apel","joachim apel","m","male","m"
"james","","mccollum","james mccollum","m","male","m"
"faton","","merovci","faton merovci","m","male","m"
"goswin","","eisen","goswin eisen","m","male","m"
"silke","","gehrke","silke gehrke","f","female","f"
"samy","","tindel","samy tindel","m","male","m"
"daniel","","mcdonald","daniel mcdonald","m","male","m"
"paul","","bosch","paul bosch","m","male","m"
"jae","il","lee","jae il lee","u","male","m"
"dominic","","klyve","dominic klyve","m","male","m"
"mario","","dangelo","mario dangelo","m","male","m"
"chris","","lynd","chris lynd","m","mostly_male","m"
"marko","","matic","marko matic","m","male","m"
"andras","","nagy","andras nagy","m","unknown","u"
"boris","yakovlevich","levin","boris yakovlevich levin","m","male","m"
"sergey","","lototsky","sergey lototsky","m","male","m"
"polychronis","","xenikakis","polychronis xenikakis","m","male","m"
"lionel","","bayle","lionel bayle","m","male","m"
"jonathan","","goodman","jonathan goodman","m","male","m"
"robert","","cahn","robert cahn","m","male","m"
"john","","mardo","john mardo","m","male","m"
"alaa","","abdel-hamid","alaa abdel-hamid","m","mostly_male","m"
"mohamed","","mosbah","mohamed mosbah","m","male","m"
"elena","","tatievskaya","elena tatievskaya","f","female","f"
"marcel","","polakovic","marcel polakovic","m","male","m"
"rafal","","kolodziej","rafal kolodziej","m","male","m"
"gheorghe","","bantas","gheorghe bantas","m","male","m"
"rachel","","fouladi","rachel fouladi","f","female","f"
"magdalena","","bojarska","magdalena bojarska","f","female","f"
"jungmin","","ahn","jungmin ahn","m","unknown","u"
"koji","","okuguchi","koji okuguchi","u","male","m"
"takashi","","amisaki","takashi amisaki","u","male","m"
"zeynep","","kalaylioglu","zeynep kalaylioglu","f","female","f"
"adam","","szpiro","adam szpiro","m","male","m"
"elias","","wagner","elias wagner","m","male","m"
"marek","cezary","zdun","marek cezary zdun","m","male","m"
"janusz","","gorski","janusz gorski","m","male","m"
"bahri","","turan","bahri turan","m","male","m"
"luis","","giraldo-montes","luis giraldo-montes","m","male","m"
"shahid","","kamal","shahid kamal","m","male","m"
"joseph","","conrad","joseph conrad","m","male","m"
"milovan","","jovanovic","milovan jovanovic","m","male","m"
"mustapha","","cheggag","mustapha cheggag","m","male","m"
"jesus","","fernandez-sanchez","jesus fernandez-sanchez","m","mostly_male","m"
"jaume","","jordan","jaume jordan","m","male","m"
"mauricio","","costa","mauricio costa","m","male","m"
"stephen","","sturgeon","stephen sturgeon","m","male","m"
"omer","","altun","omer altun","m","male","m"
"hans","","wolters","hans wolters","m","male","m"
"daniel","","vallieres","daniel vallieres","m","male","m"
"rafael","","castro","rafael castro","m","male","m"
"danny","","beckers","danny beckers","m","male","m"
"pierre","loic","meliot","pierre loic meliot","m","male","m"
"claudio","","jerez","claudio jerez","m","male","m"
"steven","","tedford","steven tedford","m","male","m"
"pedro","","jordan","pedro jordan","m","male","m"
"oksana","","medvid","oksana medvid","f","female","f"
"mark","","weil","mark weil","m","male","m"
"manuel","","marques","manuel marques","m","male","m"
"shoichi","","suzuki","shoichi suzuki","u","male","m"
"ekaterina","","eliseeva","ekaterina eliseeva","f","female","f"
"eugen","","krug","eugen krug","m","male","m"
"william","","vautaw","william vautaw","m","male","m"
"richard","","mansfield","richard mansfield","m","male","m"
"chokri","","abdelkefi","chokri abdelkefi","m","male","m"
"luis","","sequeira","luis sequeira","m","male","m"
"muhammad","","numan","muhammad numan","m","male","m"
"gregory","","werner","gregory werner","m","male","m"
"annie","","raymond","annie raymond","f","female","f"
"nicolas","","gastineau","nicolas gastineau","m","male","m"
"leonardo","","aguirre","leonardo aguirre","m","male","m"
"gozde","","ozkan","gozde ozkan","f","unknown","u"
"ross","","drynan","ross drynan","m","male","m"
"matthias","","birkner","matthias birkner","m","male","m"
"douglas","john","white","douglas john white","m","male","m"
"davy","ho","chan","davy ho chan","m","male","m"
"yolanda","","moreno","yolanda moreno","f","female","f"
"bartlomiej","","bosek","bartlomiej bosek","m","unknown","u"
"isabel","fraga","alves","isabel fraga alves","f","female","f"
"jin","ho","choi","jin ho choi","m","male","m"
"ruben","","agapito","ruben agapito","m","male","m"
"bhopinder","","singh","bhopinder singh","m","mostly_male","m"
"pavel","","jelinek","pavel jelinek","m","male","m"
"andrei","","susea","andrei susea","m","male","m"
"david","","mckinnon","david mckinnon","m","male","m"
"john","ren","chen","john ren chen","m","male","m"
"paul","","horwich","paul horwich","m","male","m"
"darrel","","hankerson","darrel hankerson","m","male","m"
"oumar","","diankha","oumar diankha","m","male","m"
"toshiyuki","","morita","toshiyuki morita","m","male","m"
"michael","","miesener","michael miesener","m","male","m"
"carrie","","yam","carrie yam","f","female","f"
"torsten","","weller","torsten weller","m","male","m"
"kathrin","","fischer","kathrin fischer","f","female","f"
"hector","","allende","hector allende","m","male","m"
"miroslav","","asic","miroslav asic","m","male","m"
"makoto","","idzumi","makoto idzumi","u","mostly_male","m"
"michel","","brestovski","michel brestovski","m","male","m"
"outi","elina","maasalo","outi elina maasalo","f","female","f"
"oliver","","pfaff","oliver pfaff","m","male","m"
"andrew","","clark","andrew clark","m","male","m"
"david","","stern","david stern","m","male","m"
"dirk","","langemann","dirk langemann","m","male","m"
"marie","francoise","delcroix","marie francoise delcroix","f","female","f"
"hatem","","najar","hatem najar","m","male","m"
"vladimir","","lifshitz","vladimir lifshitz","m","male","m"
"mihyun","","kang","mihyun kang","f","unknown","u"
"tatsuo","","sakai","tatsuo sakai","m","male","m"
"alexander","","doktor","alexander doktor","m","male","m"
"suhasini","subba","rao","suhasini subba rao","f","female","f"
"roger","","jones","roger jones","m","male","m"
"david","matthew","kelly","david matthew kelly","m","male","m"
"diane","","hope","diane hope","f","female","f"
"marc","","wouts","marc wouts","m","male","m"
"horst","","kreth","horst kreth","m","male","m"
"mark","","nixon","mark nixon","m","male","m"
"florin","","vulpescu-jalea","florin vulpescu-jalea","m","male","m"
"thomas","","king","thomas king","m","male","m"
"kenji","","nishida","kenji nishida","m","male","m"
"christian","","doring","christian doring","m","male","m"
"norman","","levin","norman levin","m","male","m"
"andreas","","floer","andreas floer","m","male","m"
"vitaly","","ushakov","vitaly ushakov","m","male","m"
"tomonori","","yamada","tomonori yamada","m","male","m"
"stephen","","williamson","stephen williamson","m","male","m"
"kent","","cantwell","kent cantwell","m","male","m"
"igor","","samoilovych","igor samoilovych","m","male","m"
"james","murray","hill","james murray hill","m","male","m"
"henrik","","vosegaard","henrik vosegaard","m","male","m"
"leonard","","kwuida","leonard kwuida","m","male","m"
"gordon","","volk","gordon volk","m","male","m"
"hamdi","","zorgati","hamdi zorgati","m","male","m"
"lubica","","stanekova","lubica stanekova","f","unknown","u"
"massimiliano","","pastore","massimiliano pastore","m","male","m"
"catherine","","pardoux","catherine pardoux","f","female","f"
"ernest","","rothman","ernest rothman","m","male","m"
"emese","","vargyas","emese vargyas","f","female","f"
"lutfi","","avazpour","lutfi avazpour","u","male","m"
"zoltan","","boros","zoltan boros","m","unknown","u"
"reiner","","kallenborn","reiner kallenborn","m","male","m"
"taro","","takimoto","taro takimoto","m","male","m"
"gabrijela","","grujic","gabrijela grujic","f","female","f"
"dmitry","","tamarkin","dmitry tamarkin","m","male","m"
"cuong","","le","cuong le","u","mostly_male","m"
"maria","zofia","banaszczyk","maria zofia banaszczyk","f","female","f"
"mehmet","namik","oguztoereli","mehmet namik oguztoereli","m","male","m"
"irena","","lasiecka","irena lasiecka","f","female","f"
"gary","","greenfield","gary greenfield","m","male","m"
"rafael","","munoz-sola","rafael munoz-sola","m","male","m"
"tomasz","","gorazd","tomasz gorazd","m","male","m"
"seiya","","abe","seiya abe","m","male","m"
"alexei","yu","karlovich","alexei yu karlovich","m","male","m"
"ingrid","","glad","ingrid glad","f","female","f"
"salah","","drabla","salah drabla","m","male","m"
"malcolm","","cousland","malcolm cousland","m","male","m"
"kunio","","kakie","kunio kakie","u","male","m"
"hideki","","nakamura","hideki nakamura","m","male","m"
"philipp","","bodewig","philipp bodewig","m","male","m"
"avi","","bick","avi bick","m","male","m"
"soo","jin","kim","soo jin kim","f","female","f"
"maciej","","dunajski","maciej dunajski","m","male","m"
"daniel","","davison","daniel davison","m","male","m"
"meenu","","verma","meenu verma","f","female","f"
"stephen","","cowin","stephen cowin","m","male","m"
"veska","","noncheva","veska noncheva","f","female","f"
"stavros","","kousidis","stavros kousidis","m","male","m"
"carlos","","garcia","carlos garcia","m","male","m"
"andrey","","gromov","andrey gromov","m","male","m"
"penny","","whiting","penny whiting","f","female","f"
"arthur","","rothstein","arthur rothstein","m","male","m"
"samuel","","alexander","samuel alexander","m","male","m"
"miwa","","iwakura","miwa iwakura","f","female","f"
"maurice","","goursat","maurice goursat","m","male","m"
"krystyna","","gozdalska","krystyna gozdalska","f","female","f"
"alexandru","","ghitza","alexandru ghitza","m","male","m"
"abdullah","","saleh","abdullah saleh","m","male","m"
"nader","","fallah","nader fallah","m","male","m"
"serkan","","gugercin","serkan gugercin","m","male","m"
"thomas","","knispel","thomas knispel","m","male","m"
"paul","","ribenboim","paul ribenboim","m","male","m"
"viorel","","cornea","viorel cornea","m","male","m"
"yann","","peresse","yann peresse","m","male","m"
"sung","hoon","hong","sung hoon hong","u","male","m"
"paul","","pinsky","paul pinsky","m","male","m"
"enrico","","massa","enrico massa","m","male","m"
"brad","","biggerstaff","brad biggerstaff","m","male","m"
"stephen","","brooks","stephen brooks","m","male","m"
"stanislaw","","wronski","stanislaw wronski","m","male","m"
"figen","acil","kiraz","figen acil kiraz","f","female","f"
"rakesh","","vohra","rakesh vohra","m","male","m"
"rahul","","varshney","rahul varshney","m","male","m"
"luis","","bel","luis bel","m","male","m"
"santiago","","mira","santiago mira","m","male","m"
"sunil","","audich","sunil audich","m","mostly_male","m"
"michel","","klein","michel klein","m","male","m"
"antoine","","vandendorpe","antoine vandendorpe","m","male","m"
"maura","","mezzetti","maura mezzetti","f","female","f"
"carl","","metzler","carl metzler","m","male","m"
"carlos","","coimbra","carlos coimbra","m","male","m"
"freddy","","bouchet","freddy bouchet","m","male","m"
"rama","","shankar","rama shankar","u","mostly_male","m"
"jerald","","dauer","jerald dauer","m","male","m"
"asim","kumar","mandal","asim kumar mandal","u","male","m"
"waldemar","","cieslak","waldemar cieslak","m","male","m"
"marta","","llorente","marta llorente","f","female","f"
"christopher","","cannings","christopher cannings","m","male","m"
"ori","","kfir","ori kfir","u","male","m"
"maxim","","pavlov","maxim pavlov","m","male","m"
"alberto","","verjovsky","alberto verjovsky","m","male","m"
"erik","","monness","erik monness","m","male","m"
"milija","","pavlovic","milija pavlovic","m","female","f"
"fabrizio","","laurini","fabrizio laurini","m","male","m"
"david","","woolbright","david woolbright","m","male","m"
"hisayoshi","","shimizu","hisayoshi shimizu","m","male","m"
"natalie","","thorne","natalie thorne","f","female","f"
"izolda","","wiercinska","izolda wiercinska","f","female","f"
"martin","","kruskemper","martin kruskemper","m","male","m"
"mario","","perez-jimenez","mario perez-jimenez","m","male","m"
"takahiro","","yatsuda","takahiro yatsuda","m","male","m"
"antonio","","bonilla","antonio bonilla","m","male","m"
"alf","birger","rustad","alf birger rustad","m","male","m"
"james","","maynard","james maynard","m","male","m"
"amir","","kavousi","amir kavousi","m","male","m"
"robert","","godin","robert godin","m","male","m"
"frode","","ronning","frode ronning","m","male","m"
"kimiaki","","konno","kimiaki konno","u","male","m"
"roel","","willems","roel willems","m","male","m"
"gareth","","ambler","gareth ambler","m","male","m"
"ronald","","gordon","ronald gordon","m","male","m"
"norbert","","adasch","norbert adasch","m","male","m"
"abdel","hadi","ahmed","abdel hadi ahmed","u","male","m"
"konstantinos","","kanakoglou","konstantinos kanakoglou","m","male","m"
"pierre","","marry","pierre marry","m","male","m"
"nabil","","kahale","nabil kahale","m","male","m"
"hitoshi","","horjo","hitoshi horjo","m","male","m"
"dietrich","","suter","dietrich suter","m","male","m"
"rade","","stanojevic","rade stanojevic","m","male","m"
"thomas","","pietraho","thomas pietraho","m","male","m"
"takuji","","sato","takuji sato","m","male","m"
"kyriakos","","kilakos","kyriakos kilakos","m","male","m"
"james","","maissen","james maissen","m","male","m"
"irene","","livshits","irene livshits","f","female","f"
"kelly","","schultz","kelly schultz","f","mostly_female","f"
"nicusor","","minculete","nicusor minculete","m","unknown","u"
"yoshihiko","","kitagaki","yoshihiko kitagaki","m","male","m"
"nicolas","","george","nicolas george","m","male","m"
"yurij","","lovejkin","yurij lovejkin","m","male","m"
"joachim","","weickert","joachim weickert","m","male","m"
"julio","","soria","julio soria","m","male","m"
"matthias","","borowski","matthias borowski","m","male","m"
"bernadette","","perrin-riou","bernadette perrin-riou","f","female","f"
"anna","","bien","anna bien","f","female","f"
"kazunori","","sakano","kazunori sakano","m","male","m"
"sergey","","ermakov","sergey ermakov","m","male","m"
"dragana","","cvetkovic-ilic","dragana cvetkovic-ilic","f","female","f"
"andreas","","weinmann","andreas weinmann","m","male","m"
"razvan","alin","satnoianu","razvan alin satnoianu","m","unknown","u"
"beatriz","","sanz","beatriz sanz","f","female","f"
"anna","","de-simone","anna de-simone","f","female","f"
"huy","thang","cao","huy thang cao","u","mostly_male","m"
"justin","","colannino","justin colannino","m","male","m"
"andres","","ramirez","andres ramirez","m","male","m"
"miroslaw","","slosarski","miroslaw slosarski","m","unknown","u"
"steven","","french","steven french","m","male","m"
"ben","da","zhou","ben da zhou","u","male","m"
"agnese","","di-castro","agnese di-castro","f","female","f"
"michael","","szarek","michael szarek","m","male","m"
"yumiko","","watanabe","yumiko watanabe","f","female","f"
"shaoqing","","liu","shaoqing liu","m","unknown","u"
"kelong","","zhang","kelong zhang","u","unknown","u"
"jinxiang","","yu","jinxiang yu","u","unknown","u"
"yuecheng","","zhang","yuecheng zhang","u","unknown","u"
"kenjiro","","yamada","kenjiro yamada","m","male","m"
"po","","zhang","po zhang","u","andy","u"
"hon","kit","wai","hon kit wai","u","unknown","u"
"bao","wen","sun","bao wen sun","u","andy","u"
"byoung","chan","lee","byoung chan lee","u","andy","u"
"qunfeng","","yang","qunfeng yang","u","unknown","u"
"peter","","nickolas","peter nickolas","m","male","m"
"rosario","","di-nardo","rosario di-nardo","u","male","m"
"hiroshi","","okuno","hiroshi okuno","m","male","m"
"shunpu","","zhang","shunpu zhang","m","unknown","u"
"praveen","","agarwal","praveen agarwal","m","mostly_male","m"
"phoebe","","hoidn","phoebe hoidn","f","female","f"
"jacques","","pontier","jacques pontier","u","male","m"
"james","","king","james king","m","male","m"
"helena","","samajova","helena samajova","f","female","f"
"george","","lowther","george lowther","m","male","m"
"michael","","robertson","michael robertson","u","male","m"
"carlos","renato","vazquez","carlos renato vazquez","m","male","m"
"yuan","","xu","yuan xu","m","andy","u"
"b","jo","ptashnyk","b jo ptashnyk","m","unknown","u"
"max","","landsberg","max landsberg","m","male","m"
"xuanping","","huang","xuanping huang","u","unknown","u"
"bjorn","","jahren","bjorn jahren","m","male","m"
"smarajit","","bose","smarajit bose","m","unknown","u"
"geoffrey","","ginsburg","geoffrey ginsburg","m","male","m"
"chao","zhu","zhang","chao zhu zhang","u","andy","u"
"jingbo","","yu","jingbo yu","u","unknown","u"
"ehud","","lehrer","ehud lehrer","m","male","m"
"shanghsien","","lin","shanghsien lin","u","unknown","u"
"dilek","","gulten","dilek gulten","f","female","f"
"masaru","","takeuchi","masaru takeuchi","m","male","m"
"carlos","","ruiz-salguero","carlos ruiz-salguero","m","male","m"
"xiongping","","luo","xiongping luo","u","unknown","u"
"adam","","van-tuyl","adam van-tuyl","m","male","m"
"jwu","sheng","hu","jwu sheng hu","m","unknown","u"
"shengzhi","","zhu","shengzhi zhu","u","unknown","u"
"eric","","johnson","eric johnson","m","male","m"
"percy","","pierre","percy pierre","m","male","m"
"charles","","vuono","charles vuono","m","male","m"
"wai","king","ching","wai king ching","u","andy","u"
"maria","conception","carvalho","maria conception carvalho","f","female","f"
"feng","","rong","feng rong","m","andy","u"
"bowen","","yu","bowen yu","m","male","m"
"paul","","kuhn","paul kuhn","m","male","m"
"shigeki","","ohyanagi","shigeki ohyanagi","m","male","m"
"zongyuan","","huang","zongyuan huang","u","unknown","u"
"alexander","","andronov","alexander andronov","m","male","m"
"luoluo","","liu","luoluo liu","u","unknown","u"
"jirapha","","limbupasiriporn","jirapha limbupasiriporn","f","unknown","u"
"cai","gui","liu","cai gui liu","u","mostly_male","m"
"rodica","","boliac","rodica boliac","f","female","f"
"jan","tijmen","udding","jan tijmen udding","m","male","m"
"steve","","rosencrans","steve rosencrans","m","male","m"
"hsueh","chuan","liu","hsueh chuan liu","m","unknown","u"
"dae","","jong","dae jong","u","andy","u"
"eberhard","","siebert","eberhard siebert","m","male","m"
"bernard","","dwork","bernard dwork","m","male","m"
"gusztav","","rados","gusztav rados","m","unknown","u"
"frieder","jens","lange","frieder jens lange","m","male","m"
"sara","","mohanty","sara mohanty","f","female","f"
"jesse","","beder","jesse beder","m","male","m"
"timothy","","wagenmaker","timothy wagenmaker","m","male","m"
"yasuyuki","","maeda","yasuyuki maeda","m","male","m"
"chunyang","","yuan","chunyang yuan","u","unknown","u"
"ahmed","","zeriahi","ahmed zeriahi","m","male","m"
"cheng","wei","chen","cheng wei chen","u","andy","u"
"yahya","","mezroui","yahya mezroui","u","male","m"
"syuichi","","yaguchi","syuichi yaguchi","u","unknown","u"
"johann","","brauchart","johann brauchart","m","male","m"
"niclas","","sjogren","niclas sjogren","m","male","m"
"john","wilson","calkin","john wilson calkin","m","male","m"
"luquan","","pan","luquan pan","u","unknown","u"
"igor","","litvin","igor litvin","m","male","m"
"benhadid","","ayache","benhadid ayache","u","unknown","u"
"yamin","","ma","yamin ma","u","unknown","u"
"leming","","cheng","leming cheng","u","unknown","u"
"zvezdelina","","stankova-frenkel","zvezdelina stankova-frenkel","f","female","f"
"junkyun","","choi","junkyun choi","m","unknown","u"
"giuliana","","bianchi","giuliana bianchi","f","female","f"
"haim","","reingold","haim reingold","m","male","m"
"gavin","","shaddick","gavin shaddick","m","male","m"
"tack","wang","lee","tack wang lee","u","unknown","u"
"angel","","dichev","angel dichev","m","male","m"
"algimantas","","janusauskas","algimantas janusauskas","m","male","m"
"ravi","","kumar","ravi kumar","m","mostly_male","m"
"henning","","petzka","henning petzka","m","male","m"
"paul","","yang","paul yang","m","male","m"
"robert","","roe","robert roe","m","male","m"
"francis","","leahy","francis leahy","u","male","m"
"yanwen","","shang","yanwen shang","m","unknown","u"
"percy","","sanchez","percy sanchez","m","male","m"
"gregory","","white","gregory white","m","male","m"
