"first_name","middle_name","last_name","full_name","gender","api_firstName","api_gender","api_lastName","api_scale","gender_infered"
"pierre","paul","grivel","pierre paul grivel","m","pierre paul","male","grivel",-1.0,"m"
"raul","","serapioni","raul serapioni","m","raul","male","serapioni",-0.71,"m"
"adriano","","moura","adriano moura","m","adriano","male","moura",-1.0,"m"
"ralf","","kieser","ralf kieser","m","ralf","male","kieser",-1.0,"m"
"teppei","","ariyoshi","teppei ariyoshi","u","teppei","male","ariyoshi",-1.0,"m"
"guillermo","","leon-de-la-barra","guillermo leon-de-la-barra","m","guillermo","male","leon-de-la-barra",-0.71,"m"
"catherine","bouloux","marquet","catherine bouloux marquet","f","catherine bouloux","female","marquet",1.0,"f"
"sabina","","pannek","sabina pannek","f","sabina","female","pannek",0.71,"f"
"ralf","","kemper","ralf kemper","m","ralf","male","kemper",-1.0,"m"
"karl","","breitung","karl breitung","m","karl","male","breitung",-1.0,"m"
"sushil","","singh","sushil singh","u","sushil","male","singh",-1.0,"m"
"clemens","","bernhardson","clemens bernhardson","m","clemens","male","bernhardson",-1.0,"m"
"gregory","","gelles","gregory gelles","m","gregory","male","gelles",-1.0,"m"
"lester","","arguelles","lester arguelles","m","lester","male","arguelles",-0.7,"m"
"claude","joachim","hamann","claude joachim hamann","m","claude joachim","male","hamann",-0.96,"m"
"martin","","slawski","martin slawski","m","martin","male","slawski",-1.0,"m"
"vlad","","timofte","vlad timofte","m","vlad","male","timofte",-0.71,"m"
"pasquale","","valentini","pasquale valentini","m","pasquale","male","valentini",-1.0,"m"
"lourdes","","fernandes","lourdes fernandes","f","lourdes","female","fernandes",1.0,"f"
"bruno","","crepon","bruno crepon","m","bruno","male","crepon",-1.0,"m"
"thomas","","farver","thomas farver","m","thomas","male","farver",-1.0,"m"
"michael","","porter","michael porter","m","michael","male","porter",-1.0,"m"
"jorge","drumond","silva","jorge drumond silva","m","jorge drumond","male","silva",-1.0,"m"
"lewis","","hildyard","lewis hildyard","m","lewis","male","hildyard",-0.99,"m"
"klaus","","haverkamp","klaus haverkamp","m","klaus","male","haverkamp",-1.0,"m"
"jost","hinrich","eschenburg","jost hinrich eschenburg","m","jost hinrich","male","eschenburg",-0.79,"m"
"takashi","","aoki","takashi aoki","m","takashi","male","aoki",-1.0,"m"
"mirko","","muller","mirko muller","m","mirko","male","muller",-0.71,"m"
"herman","","erlichson","herman erlichson","m","herman","male","erlichson",-1.0,"m"
"jim","","clay","jim clay","m","jim","male","clay",-1.0,"m"
"jerzy","","jezierski","jerzy jezierski","m","jerzy","male","jezierski",-0.5,"m"
"vitali","","wachtel","vitali wachtel","m","vitali","male","wachtel",-0.71,"m"
"martin","","soukenka","martin soukenka","m","martin","male","soukenka",-1.0,"m"
"seiya","","haze","seiya haze","u","seiya","male","haze",-1.0,"m"
"anatoly","","preygel","anatoly preygel","m","anatoly","male","preygel",-1.0,"m"
"tatiana","","filippova","tatiana filippova","f","tatiana","female","filippova",1.0,"f"
"joachim","","apel","joachim apel","m","joachim","male","apel",-1.0,"m"
"james","","mccollum","james mccollum","m","james","male","mccollum",-1.0,"m"
"faton","","merovci","faton merovci","m","faton","male","merovci",-1.0,"m"
"goswin","","eisen","goswin eisen","m","goswin","male","eisen",-1.0,"m"
"silke","","gehrke","silke gehrke","f","silke","female","gehrke",1.0,"f"
"samy","","tindel","samy tindel","m","samy","male","tindel",-0.98,"m"
"daniel","","mcdonald","daniel mcdonald","m","daniel","male","mcdonald",-1.0,"m"
"paul","","bosch","paul bosch","m","paul","male","bosch",-1.0,"m"
"jae","il","lee","jae il lee","u","jae","unknown","lee",0.0,"u"
"dominic","","klyve","dominic klyve","m","dominic","male","klyve",-0.99,"m"
"mario","","dangelo","mario dangelo","m","mario","male","dangelo",-1.0,"m"
"chris","","lynd","chris lynd","m","chris","male","lynd",-0.91,"m"
"marko","","matic","marko matic","m","marko","male","matic",-1.0,"m"
"andras","","nagy","andras nagy","m","andras","male","nagy",-1.0,"m"
"boris","yakovlevich","levin","boris yakovlevich levin","m","boris yakovlevich","male","levin",-1.0,"m"
"sergey","","lototsky","sergey lototsky","m","sergey","male","lototsky",-1.0,"m"
"polychronis","","xenikakis","polychronis xenikakis","m","polychronis","male","xenikakis",-1.0,"m"
"lionel","","bayle","lionel bayle","m","lionel","male","bayle",-1.0,"m"
"jonathan","","goodman","jonathan goodman","m","jonathan","male","goodman",-1.0,"m"
"robert","","cahn","robert cahn","m","robert","male","cahn",-1.0,"m"
"john","","mardo","john mardo","m","john","male","mardo",-1.0,"m"
"alaa","","abdel-hamid","alaa abdel-hamid","m","alaa","male","abdel-hamid",-0.5,"m"
"mohamed","","mosbah","mohamed mosbah","m","mohamed","male","mosbah",-1.0,"m"
"elena","","tatievskaya","elena tatievskaya","f","elena","female","tatievskaya",1.0,"f"
"marcel","","polakovic","marcel polakovic","m","marcel","male","polakovic",-0.98,"m"
"rafal","","kolodziej","rafal kolodziej","m","rafal","male","kolodziej",-1.0,"m"
"gheorghe","","bantas","gheorghe bantas","m","gheorghe","male","bantas",-1.0,"m"
"rachel","","fouladi","rachel fouladi","f","rachel","female","fouladi",0.49,"f"
"magdalena","","bojarska","magdalena bojarska","f","magdalena","female","bojarska",1.0,"f"
"jungmin","","ahn","jungmin ahn","m","jungmin","male","ahn",-0.13,"m"
"koji","","okuguchi","koji okuguchi","u","koji","male","okuguchi",-1.0,"m"
"takashi","","amisaki","takashi amisaki","u","takashi","male","amisaki",-1.0,"m"
"zeynep","","kalaylioglu","zeynep kalaylioglu","f","zeynep","female","kalaylioglu",1.0,"f"
"adam","","szpiro","adam szpiro","m","adam","male","szpiro",-1.0,"m"
"elias","","wagner","elias wagner","m","elias","male","wagner",-1.0,"m"
"marek","cezary","zdun","marek cezary zdun","m","marek cezary","male","zdun",-1.0,"m"
"janusz","","gorski","janusz gorski","m","janusz","male","gorski",-1.0,"m"
"bahri","","turan","bahri turan","m","bahri","male","turan",-1.0,"m"
"luis","","giraldo-montes","luis giraldo-montes","m","luis","male","giraldo-montes",-1.0,"m"
"shahid","","kamal","shahid kamal","m","shahid","male","kamal",-1.0,"m"
"joseph","","conrad","joseph conrad","m","joseph","male","conrad",-1.0,"m"
"milovan","","jovanovic","milovan jovanovic","m","milovan","male","jovanovic",-1.0,"m"
"mustapha","","cheggag","mustapha cheggag","m","mustapha","male","cheggag",-1.0,"m"
"jesus","","fernandez-sanchez","jesus fernandez-sanchez","m","jesus","male","fernandez-sanchez",-1.0,"m"
"jaume","","jordan","jaume jordan","m","jaume","male","jordan",-1.0,"m"
"mauricio","","costa","mauricio costa","m","mauricio","male","costa",-0.71,"m"
"stephen","","sturgeon","stephen sturgeon","m","stephen","male","sturgeon",-0.71,"m"
"omer","","altun","omer altun","m","omer","male","altun",-1.0,"m"
"hans","","wolters","hans wolters","m","hans","male","wolters",-1.0,"m"
"daniel","","vallieres","daniel vallieres","m","daniel","male","vallieres",-1.0,"m"
"rafael","","castro","rafael castro","m","rafael","male","castro",-1.0,"m"
"danny","","beckers","danny beckers","m","danny","male","beckers",-1.0,"m"
"pierre","loic","meliot","pierre loic meliot","m","pierre loic","male","meliot",-1.0,"m"
"claudio","","jerez","claudio jerez","m","claudio","male","jerez",-0.71,"m"
"steven","","tedford","steven tedford","m","steven","male","tedford",-1.0,"m"
"pedro","","jordan","pedro jordan","m","pedro","male","jordan",-1.0,"m"
"oksana","","medvid","oksana medvid","f","oksana","female","medvid",1.0,"f"
"mark","","weil","mark weil","m","mark","male","weil",-0.99,"m"
"manuel","","marques","manuel marques","m","manuel","male","marques",-1.0,"m"
"shoichi","","suzuki","shoichi suzuki","u","shoichi","male","suzuki",-1.0,"m"
"ekaterina","","eliseeva","ekaterina eliseeva","f","ekaterina","female","eliseeva",1.0,"f"
"eugen","","krug","eugen krug","m","eugen","male","krug",-1.0,"m"
"william","","vautaw","william vautaw","m","william","male","vautaw",-1.0,"m"
"richard","","mansfield","richard mansfield","m","richard","male","mansfield",-1.0,"m"
"chokri","","abdelkefi","chokri abdelkefi","m","chokri","male","abdelkefi",-1.0,"m"
"luis","","sequeira","luis sequeira","m","luis","male","sequeira",-1.0,"m"
"muhammad","","numan","muhammad numan","m","muhammad","male","numan",-1.0,"m"
"gregory","","werner","gregory werner","m","gregory","male","werner",-1.0,"m"
"annie","","raymond","annie raymond","f","annie","female","raymond",1.0,"f"
"nicolas","","gastineau","nicolas gastineau","m","nicolas","male","gastineau",-1.0,"m"
"leonardo","","aguirre","leonardo aguirre","m","leonardo","male","aguirre",-0.71,"m"
"gozde","","ozkan","gozde ozkan","f","gozde","female","ozkan",1.0,"f"
"ross","","drynan","ross drynan","m","ross","male","drynan",-0.99,"m"
"matthias","","birkner","matthias birkner","m","matthias","male","birkner",-1.0,"m"
"douglas","john","white","douglas john white","m","douglas john","male","white",-1.0,"m"
"davy","ho","chan","davy ho chan","m","davy ho","male","chan",-0.7,"m"
"yolanda","","moreno","yolanda moreno","f","yolanda","female","moreno",0.71,"f"
"bartlomiej","","bosek","bartlomiej bosek","m","bartlomiej","male","bosek",-1.0,"m"
"isabel","fraga","alves","isabel fraga alves","f","isabel fraga","female","alves",1.0,"f"
"jin","ho","choi","jin ho choi","m","jin","unknown","choi",0.0,"u"
"ruben","","agapito","ruben agapito","m","ruben","male","agapito",-0.71,"m"
"bhopinder","","singh","bhopinder singh","m","bhopinder","male","singh",-1.0,"m"
"pavel","","jelinek","pavel jelinek","m","pavel","male","jelinek",-1.0,"m"
"andrei","","susea","andrei susea","m","andrei","male","susea",-1.0,"m"
"david","","mckinnon","david mckinnon","m","david","male","mckinnon",-1.0,"m"
"john","ren","chen","john ren chen","m","john","unknown","chen",0.0,"u"
"paul","","horwich","paul horwich","m","paul","male","horwich",-1.0,"m"
"darrel","","hankerson","darrel hankerson","m","darrel","male","hankerson",-1.0,"m"
"oumar","","diankha","oumar diankha","m","oumar","male","diankha",-1.0,"m"
"toshiyuki","","morita","toshiyuki morita","m","toshiyuki","male","morita",-1.0,"m"
"michael","","miesener","michael miesener","m","michael","male","miesener",-1.0,"m"
"carrie","","yam","carrie yam","f","carrie","female","yam",0.99,"f"
"torsten","","weller","torsten weller","m","torsten","male","weller",-1.0,"m"
"kathrin","","fischer","kathrin fischer","f","kathrin","female","fischer",1.0,"f"
"hector","","allende","hector allende","m","hector","male","allende",-0.71,"m"
"miroslav","","asic","miroslav asic","m","miroslav","male","asic",-1.0,"m"
"makoto","","idzumi","makoto idzumi","u","makoto","male","idzumi",-1.0,"m"
"michel","","brestovski","michel brestovski","m","michel","male","brestovski",-0.74,"m"
"outi","elina","maasalo","outi elina maasalo","f","outi elina","female","maasalo",1.0,"f"
"oliver","","pfaff","oliver pfaff","m","oliver","male","pfaff",-0.71,"m"
"andrew","","clark","andrew clark","m","andrew","male","clark",-1.0,"m"
"david","","stern","david stern","m","david","male","stern",-1.0,"m"
"dirk","","langemann","dirk langemann","m","dirk","male","langemann",-1.0,"m"
"marie","francoise","delcroix","marie francoise delcroix","f","marie francoise","female","delcroix",1.0,"f"
"hatem","","najar","hatem najar","m","hatem","unknown","najar",0.04,"u"
"vladimir","","lifshitz","vladimir lifshitz","m","vladimir","male","lifshitz",-1.0,"m"
"mihyun","","kang","mihyun kang","f","mihyun","unknown","kang",0.0,"u"
"tatsuo","","sakai","tatsuo sakai","m","tatsuo","male","sakai",-1.0,"m"
"alexander","","doktor","alexander doktor","m","alexander","male","doktor",-1.0,"m"
"suhasini","subba","rao","suhasini subba rao","f","suhasini subba","female","rao",0.96,"f"
"roger","","jones","roger jones","m","roger","male","jones",-1.0,"m"
"david","matthew","kelly","david matthew kelly","m","david matthew","male","kelly",-1.0,"m"
"diane","","hope","diane hope","f","diane","female","hope",1.0,"f"
"marc","","wouts","marc wouts","m","marc","male","wouts",-1.0,"m"
"horst","","kreth","horst kreth","m","horst","male","kreth",-1.0,"m"
"mark","","nixon","mark nixon","m","mark","male","nixon",-0.99,"m"
"florin","","vulpescu-jalea","florin vulpescu-jalea","m","florin","male","vulpescu-jalea",-1.0,"m"
"thomas","","king","thomas king","m","thomas","male","king",-1.0,"m"
"kenji","","nishida","kenji nishida","m","kenji","male","nishida",-1.0,"m"
"christian","","doring","christian doring","m","christian","male","doring",-0.99,"m"
"norman","","levin","norman levin","m","norman","male","levin",-1.0,"m"
"andreas","","floer","andreas floer","m","andreas","male","floer",-0.99,"m"
"vitaly","","ushakov","vitaly ushakov","m","vitaly","male","ushakov",-1.0,"m"
"tomonori","","yamada","tomonori yamada","m","tomonori","male","yamada",-1.0,"m"
"stephen","","williamson","stephen williamson","m","stephen","male","williamson",-0.99,"m"
"kent","","cantwell","kent cantwell","m","kent","male","cantwell",-1.0,"m"
"igor","","samoilovych","igor samoilovych","m","igor","male","samoilovych",-1.0,"m"
"james","murray","hill","james murray hill","m","james murray","male","hill",-1.0,"m"
"henrik","","vosegaard","henrik vosegaard","m","henrik","male","vosegaard",-1.0,"m"
"leonard","","kwuida","leonard kwuida","m","leonard","male","kwuida",-0.99,"m"
"gordon","","volk","gordon volk","m","gordon","male","volk",-0.99,"m"
"hamdi","","zorgati","hamdi zorgati","m","hamdi","male","zorgati",-0.48,"m"
"lubica","","stanekova","lubica stanekova","f","lubica","female","stanekova",1.0,"f"
"massimiliano","","pastore","massimiliano pastore","m","massimiliano","male","pastore",-1.0,"m"
"catherine","","pardoux","catherine pardoux","f","catherine","female","pardoux",1.0,"f"
"ernest","","rothman","ernest rothman","m","ernest","male","rothman",-0.71,"m"
"emese","","vargyas","emese vargyas","f","emese","female","vargyas",1.0,"f"
"lutfi","","avazpour","lutfi avazpour","u","lutfi","male","avazpour",-1.0,"m"
"zoltan","","boros","zoltan boros","m","zoltan","male","boros",-1.0,"m"
"reiner","","kallenborn","reiner kallenborn","m","reiner","male","kallenborn",-1.0,"m"
"taro","","takimoto","taro takimoto","m","taro","male","takimoto",-1.0,"m"
"gabrijela","","grujic","gabrijela grujic","f","gabrijela","female","grujic",0.94,"f"
"dmitry","","tamarkin","dmitry tamarkin","m","dmitry","male","tamarkin",-1.0,"m"
"cuong","","le","cuong le","u","cuong","male","le",-1.0,"m"
"maria","zofia","banaszczyk","maria zofia banaszczyk","f","maria zofia","female","banaszczyk",1.0,"f"
"mehmet","namik","oguztoereli","mehmet namik oguztoereli","m","mehmet namik","male","oguztoereli",-1.0,"m"
"irena","","lasiecka","irena lasiecka","f","irena","female","lasiecka",1.0,"f"
"gary","","greenfield","gary greenfield","m","gary","male","greenfield",-1.0,"m"
"rafael","","munoz-sola","rafael munoz-sola","m","rafael","male","munoz-sola",-1.0,"m"
"tomasz","","gorazd","tomasz gorazd","m","tomasz","male","gorazd",-1.0,"m"
"seiya","","abe","seiya abe","m","seiya","male","abe",-1.0,"m"
"alexei","yu","karlovich","alexei yu karlovich","m","alexei yu","male","karlovich",-0.96,"m"
"ingrid","","glad","ingrid glad","f","ingrid","female","glad",1.0,"f"
"salah","","drabla","salah drabla","m","salah","male","drabla",-0.89,"m"
"malcolm","","cousland","malcolm cousland","m","malcolm","male","cousland",-1.0,"m"
"kunio","","kakie","kunio kakie","u","kunio","male","kakie",-1.0,"m"
"hideki","","nakamura","hideki nakamura","m","hideki","male","nakamura",-1.0,"m"
"philipp","","bodewig","philipp bodewig","m","philipp","male","bodewig",-1.0,"m"
"avi","","bick","avi bick","m","avi","male","bick",-0.94,"m"
"soo","jin","kim","soo jin kim","f","soo","unknown","kim",0.0,"u"
"maciej","","dunajski","maciej dunajski","m","maciej","male","dunajski",-1.0,"m"
"daniel","","davison","daniel davison","m","daniel","male","davison",-1.0,"m"
"meenu","","verma","meenu verma","f","meenu","female","verma",0.99,"f"
"stephen","","cowin","stephen cowin","m","stephen","male","cowin",-1.0,"m"
"veska","","noncheva","veska noncheva","f","veska","female","noncheva",1.0,"f"
"stavros","","kousidis","stavros kousidis","m","stavros","male","kousidis",-1.0,"m"
"carlos","","garcia","carlos garcia","m","carlos","male","garcia",-1.0,"m"
"andrey","","gromov","andrey gromov","m","andrey","male","gromov",-1.0,"m"
"penny","","whiting","penny whiting","f","penny","female","whiting",1.0,"f"
"arthur","","rothstein","arthur rothstein","m","arthur","male","rothstein",-1.0,"m"
"samuel","","alexander","samuel alexander","m","samuel","male","alexander",-0.99,"m"
"miwa","","iwakura","miwa iwakura","f","miwa","female","iwakura",1.0,"f"
"maurice","","goursat","maurice goursat","m","maurice","male","goursat",-0.99,"m"
"krystyna","","gozdalska","krystyna gozdalska","f","krystyna","female","gozdalska",1.0,"f"
"alexandru","","ghitza","alexandru ghitza","m","alexandru","male","ghitza",-1.0,"m"
"abdullah","","saleh","abdullah saleh","m","abdullah","male","saleh",-1.0,"m"
"nader","","fallah","nader fallah","m","nader","male","fallah",-0.71,"m"
"serkan","","gugercin","serkan gugercin","m","serkan","male","gugercin",-1.0,"m"
"thomas","","knispel","thomas knispel","m","thomas","male","knispel",-0.99,"m"
"paul","","ribenboim","paul ribenboim","m","paul","male","ribenboim",-1.0,"m"
"viorel","","cornea","viorel cornea","m","viorel","male","cornea",-1.0,"m"
"yann","","peresse","yann peresse","m","yann","male","peresse",-1.0,"m"
"sung","hoon","hong","sung hoon hong","u","sung","unknown","hong",0.0,"u"
"paul","","pinsky","paul pinsky","m","paul","male","pinsky",-1.0,"m"
"enrico","","massa","enrico massa","m","enrico","male","massa",-1.0,"m"
"brad","","biggerstaff","brad biggerstaff","m","brad","male","biggerstaff",-0.71,"m"
"stephen","","brooks","stephen brooks","m","stephen","male","brooks",-1.0,"m"
"stanislaw","","wronski","stanislaw wronski","m","stanislaw","male","wronski",-1.0,"m"
"figen","acil","kiraz","figen acil kiraz","f","figen acil","female","kiraz",1.0,"f"
"rakesh","","vohra","rakesh vohra","m","rakesh","male","vohra",-1.0,"m"
"rahul","","varshney","rahul varshney","m","rahul","male","varshney",-1.0,"m"
"luis","","bel","luis bel","m","luis","male","bel",-1.0,"m"
"santiago","","mira","santiago mira","m","santiago","male","mira",-1.0,"m"
"sunil","","audich","sunil audich","m","sunil","male","audich",-0.5,"m"
"michel","","klein","michel klein","m","michel","male","klein",-0.97,"m"
"antoine","","vandendorpe","antoine vandendorpe","m","antoine","male","vandendorpe",-1.0,"m"
"maura","","mezzetti","maura mezzetti","f","maura","female","mezzetti",1.0,"f"
"carl","","metzler","carl metzler","m","carl","male","metzler",-1.0,"m"
"carlos","","coimbra","carlos coimbra","m","carlos","male","coimbra",-0.99,"m"
"freddy","","bouchet","freddy bouchet","m","freddy","male","bouchet",-0.7,"m"
"rama","","shankar","rama shankar","u","rama","female","shankar",0.91,"f"
"jerald","","dauer","jerald dauer","m","jerald","male","dauer",-1.0,"m"
"asim","kumar","mandal","asim kumar mandal","u","asim kumar","male","mandal",-1.0,"m"
"waldemar","","cieslak","waldemar cieslak","m","waldemar","male","cieslak",-1.0,"m"
"marta","","llorente","marta llorente","f","marta","female","llorente",1.0,"f"
"christopher","","cannings","christopher cannings","m","christopher","male","cannings",-1.0,"m"
"ori","","kfir","ori kfir","u","ori","male","kfir",-0.41,"m"
"maxim","","pavlov","maxim pavlov","m","maxim","male","pavlov",-1.0,"m"
"alberto","","verjovsky","alberto verjovsky","m","alberto","male","verjovsky",-0.99,"m"
"erik","","monness","erik monness","m","erik","male","monness",-1.0,"m"
"milija","","pavlovic","milija pavlovic","m","milija","male","pavlovic",-0.3,"m"
"fabrizio","","laurini","fabrizio laurini","m","fabrizio","male","laurini",-1.0,"m"
"david","","woolbright","david woolbright","m","david","male","woolbright",-1.0,"m"
"hisayoshi","","shimizu","hisayoshi shimizu","m","hisayoshi","male","shimizu",-1.0,"m"
"natalie","","thorne","natalie thorne","f","natalie","female","thorne",1.0,"f"
"izolda","","wiercinska","izolda wiercinska","f","izolda","female","wiercinska",1.0,"f"
"martin","","kruskemper","martin kruskemper","m","martin","male","kruskemper",-1.0,"m"
"mario","","perez-jimenez","mario perez-jimenez","m","mario","male","perez-jimenez",-1.0,"m"
"takahiro","","yatsuda","takahiro yatsuda","m","takahiro","male","yatsuda",-1.0,"m"
"antonio","","bonilla","antonio bonilla","m","antonio","male","bonilla",-1.0,"m"
"alf","birger","rustad","alf birger rustad","m","alf birger","male","rustad",-1.0,"m"
"james","","maynard","james maynard","m","james","male","maynard",-0.99,"m"
"amir","","kavousi","amir kavousi","m","amir","male","kavousi",-1.0,"m"
"robert","","godin","robert godin","m","robert","male","godin",-1.0,"m"
"frode","","ronning","frode ronning","m","frode","male","ronning",-1.0,"m"
"kimiaki","","konno","kimiaki konno","u","kimiaki","male","konno",-0.93,"m"
"roel","","willems","roel willems","m","roel","male","willems",-1.0,"m"
"gareth","","ambler","gareth ambler","m","gareth","male","ambler",-1.0,"m"
"ronald","","gordon","ronald gordon","m","ronald","male","gordon",-1.0,"m"
"norbert","","adasch","norbert adasch","m","norbert","male","adasch",-1.0,"m"
"abdel","hadi","ahmed","abdel hadi ahmed","u","abdel hadi","male","ahmed",-1.0,"m"
"konstantinos","","kanakoglou","konstantinos kanakoglou","m","konstantinos","male","kanakoglou",-1.0,"m"
"pierre","","marry","pierre marry","m","pierre","male","marry",-1.0,"m"
"nabil","","kahale","nabil kahale","m","nabil","male","kahale",-0.97,"m"
"hitoshi","","horjo","hitoshi horjo","m","hitoshi","male","horjo",-1.0,"m"
"dietrich","","suter","dietrich suter","m","dietrich","male","suter",-0.98,"m"
"rade","","stanojevic","rade stanojevic","m","rade","male","stanojevic",-1.0,"m"
"thomas","","pietraho","thomas pietraho","m","thomas","male","pietraho",-1.0,"m"
"takuji","","sato","takuji sato","m","takuji","male","sato",-1.0,"m"
"kyriakos","","kilakos","kyriakos kilakos","m","kyriakos","male","kilakos",-1.0,"m"
"james","","maissen","james maissen","m","james","male","maissen",-1.0,"m"
"irene","","livshits","irene livshits","f","irene","female","livshits",1.0,"f"
"kelly","","schultz","kelly schultz","f","kelly","female","schultz",0.98,"f"
"nicusor","","minculete","nicusor minculete","m","nicusor","male","minculete",-1.0,"m"
"yoshihiko","","kitagaki","yoshihiko kitagaki","m","yoshihiko","male","kitagaki",-1.0,"m"
"nicolas","","george","nicolas george","m","nicolas","male","george",-1.0,"m"
"yurij","","lovejkin","yurij lovejkin","m","yurij","male","lovejkin",-0.67,"m"
"joachim","","weickert","joachim weickert","m","joachim","male","weickert",-1.0,"m"
"julio","","soria","julio soria","m","julio","male","soria",-1.0,"m"
"matthias","","borowski","matthias borowski","m","matthias","male","borowski",-1.0,"m"
"bernadette","","perrin-riou","bernadette perrin-riou","f","bernadette","female","perrin-riou",1.0,"f"
"anna","","bien","anna bien","f","anna","female","bien",1.0,"f"
"kazunori","","sakano","kazunori sakano","m","kazunori","male","sakano",-1.0,"m"
"sergey","","ermakov","sergey ermakov","m","sergey","male","ermakov",-1.0,"m"
"dragana","","cvetkovic-ilic","dragana cvetkovic-ilic","f","dragana","female","cvetkovic-ilic",1.0,"f"
"andreas","","weinmann","andreas weinmann","m","andreas","male","weinmann",-1.0,"m"
"razvan","alin","satnoianu","razvan alin satnoianu","m","razvan alin","male","satnoianu",-1.0,"m"
"beatriz","","sanz","beatriz sanz","f","beatriz","female","sanz",1.0,"f"
"anna","","de-simone","anna de-simone","f","anna","female","de-simone",1.0,"f"
"huy","thang","cao","huy thang cao","u","huy thang","male","cao",-1.0,"m"
"justin","","colannino","justin colannino","m","justin","male","colannino",-0.99,"m"
"andres","","ramirez","andres ramirez","m","andres","male","ramirez",-1.0,"m"
"miroslaw","","slosarski","miroslaw slosarski","m","miroslaw","male","slosarski",-1.0,"m"
"steven","","french","steven french","m","steven","male","french",-0.71,"m"
"ben","da","zhou","ben da zhou","u","ben","unknown","zhou",0.0,"u"
"agnese","","di-castro","agnese di-castro","f","agnese","female","di-castro",1.0,"f"
"michael","","szarek","michael szarek","m","michael","male","szarek",-1.0,"m"
"yumiko","","watanabe","yumiko watanabe","f","yumiko","female","watanabe",1.0,"f"
"shaoqing","","liu","shaoqing liu","m","shaoqing","unknown","liu",0.0,"u"
"kelong","","zhang","kelong zhang","u","kelong","unknown","zhang",0.0,"u"
"jinxiang","","yu","jinxiang yu","u","jinxiang","unknown","yu",0.0,"u"
"yuecheng","","zhang","yuecheng zhang","u","yuecheng","unknown","zhang",0.0,"u"
"kenjiro","","yamada","kenjiro yamada","m","kenjiro","male","yamada",-1.0,"m"
"po","","zhang","po zhang","u","po","unknown","zhang",0.0,"u"
"hon","kit","wai","hon kit wai","u","hon kit","male","wai",-0.34,"m"
"bao","wen","sun","bao wen sun","u","bao","unknown","sun",0.0,"u"
"byoung","chan","lee","byoung chan lee","u","byoung","unknown","lee",0.0,"u"
"qunfeng","","yang","qunfeng yang","u","qunfeng","unknown","yang",0.0,"u"
"peter","","nickolas","peter nickolas","m","peter","male","nickolas",-0.71,"m"
"rosario","","di-nardo","rosario di-nardo","u","rosario","male","di-nardo",-0.5,"m"
"hiroshi","","okuno","hiroshi okuno","m","hiroshi","male","okuno",-1.0,"m"
"shunpu","","zhang","shunpu zhang","m","shunpu","unknown","zhang",0.0,"u"
"praveen","","agarwal","praveen agarwal","m","praveen","male","agarwal",-1.0,"m"
"phoebe","","hoidn","phoebe hoidn","f","phoebe","female","hoidn",0.5,"f"
"jacques","","pontier","jacques pontier","u","jacques","male","pontier",-0.95,"m"
"james","","king","james king","m","james","male","king",-1.0,"m"
"helena","","samajova","helena samajova","f","helena","female","samajova",1.0,"f"
"george","","lowther","george lowther","m","george","male","lowther",-1.0,"m"
"michael","","robertson","michael robertson","u","michael","male","robertson",-1.0,"m"
"carlos","renato","vazquez","carlos renato vazquez","m","carlos renato","male","vazquez",-1.0,"m"
"yuan","","xu","yuan xu","m","yuan","unknown","xu",0.0,"u"
"b","jo","ptashnyk","b jo ptashnyk","m","b-jo","female","ptashnyk",0.13,"f"
"max","","landsberg","max landsberg","m","max","male","landsberg",-1.0,"m"
"xuanping","","huang","xuanping huang","u","xuanping","unknown","huang",0.0,"u"
"bjorn","","jahren","bjorn jahren","m","bjorn","male","jahren",-1.0,"m"
"smarajit","","bose","smarajit bose","m","smarajit","male","bose",-0.13,"m"
"geoffrey","","ginsburg","geoffrey ginsburg","m","geoffrey","male","ginsburg",-0.71,"m"
"chao","zhu","zhang","chao zhu zhang","u","chao","unknown","zhang",0.0,"u"
"jingbo","","yu","jingbo yu","u","jingbo","unknown","yu",0.0,"u"
"ehud","","lehrer","ehud lehrer","m","ehud","male","lehrer",-0.43,"m"
"shanghsien","","lin","shanghsien lin","u","shanghsien","unknown","lin",0.0,"u"
"dilek","","gulten","dilek gulten","f","dilek","female","gulten",1.0,"f"
"masaru","","takeuchi","masaru takeuchi","m","masaru","male","takeuchi",-1.0,"m"
"carlos","","ruiz-salguero","carlos ruiz-salguero","m","carlos","male","ruiz-salguero",-1.0,"m"
"xiongping","","luo","xiongping luo","u","xiongping","female","luo",0.13,"f"
"adam","","van-tuyl","adam van-tuyl","m","adam","male","van-tuyl",-1.0,"m"
"jwu","sheng","hu","jwu sheng hu","m","jwu","unknown","hu",0.0,"u"
"shengzhi","","zhu","shengzhi zhu","u","shengzhi","unknown","zhu",0.0,"u"
"eric","","johnson","eric johnson","m","eric","male","johnson",-1.0,"m"
"percy","","pierre","percy pierre","m","percy","male","pierre",-0.69,"m"
"charles","","vuono","charles vuono","m","charles","male","vuono",-1.0,"m"
"wai","king","ching","wai king ching","u","wai king","male","ching",-0.45,"m"
"maria","conception","carvalho","maria conception carvalho","f","maria conception","female","carvalho",1.0,"f"
"feng","","rong","feng rong","m","feng","unknown","rong",0.0,"u"
"bowen","","yu","bowen yu","m","bowen","unknown","yu",0.0,"u"
"paul","","kuhn","paul kuhn","m","paul","male","kuhn",-1.0,"m"
"shigeki","","ohyanagi","shigeki ohyanagi","m","shigeki","male","ohyanagi",-1.0,"m"
"zongyuan","","huang","zongyuan huang","u","zongyuan","unknown","huang",0.0,"u"
"alexander","","andronov","alexander andronov","m","alexander","male","andronov",-1.0,"m"
"luoluo","","liu","luoluo liu","u","luoluo","unknown","liu",0.0,"u"
"jirapha","","limbupasiriporn","jirapha limbupasiriporn","f","jirapha","female","limbupasiriporn",0.13,"f"
"cai","gui","liu","cai gui liu","u","cai","unknown","liu",0.0,"u"
"rodica","","boliac","rodica boliac","f","rodica","female","boliac",1.0,"f"
"jan","tijmen","udding","jan tijmen udding","m","jan tijmen","male","udding",-0.93,"m"
"steve","","rosencrans","steve rosencrans","m","steve","male","rosencrans",-1.0,"m"
"hsueh","chuan","liu","hsueh chuan liu","m","hsueh","unknown","liu",0.0,"u"
"dae","","jong","dae jong","u","dae","unknown","jong",0.0,"u"
"eberhard","","siebert","eberhard siebert","m","eberhard","male","siebert",-1.0,"m"
"bernard","","dwork","bernard dwork","m","bernard","male","dwork",-1.0,"m"
"gusztav","","rados","gusztav rados","m","gusztav","male","rados",-0.5,"m"
"frieder","jens","lange","frieder jens lange","m","frieder jens","male","lange",-1.0,"m"
"sara","","mohanty","sara mohanty","f","sara","female","mohanty",1.0,"f"
"jesse","","beder","jesse beder","m","jesse","male","beder",-0.98,"m"
"timothy","","wagenmaker","timothy wagenmaker","m","timothy","male","wagenmaker",-1.0,"m"
"yasuyuki","","maeda","yasuyuki maeda","m","yasuyuki","male","maeda",-1.0,"m"
"chunyang","","yuan","chunyang yuan","u","chunyang","unknown","yuan",0.0,"u"
"ahmed","","zeriahi","ahmed zeriahi","m","ahmed","male","zeriahi",-1.0,"m"
"cheng","wei","chen","cheng wei chen","u","cheng","unknown","chen",0.0,"u"
"yahya","","mezroui","yahya mezroui","u","yahya","male","mezroui",-0.71,"m"
"syuichi","","yaguchi","syuichi yaguchi","u","syuichi","male","yaguchi",-0.99,"m"
"johann","","brauchart","johann brauchart","m","johann","male","brauchart",-0.72,"m"
"niclas","","sjogren","niclas sjogren","m","niclas","male","sjogren",-1.0,"m"
"john","wilson","calkin","john wilson calkin","m","john wilson","male","calkin",-1.0,"m"
"luquan","","pan","luquan pan","u","luquan","female","pan",0.13,"f"
"igor","","litvin","igor litvin","m","igor","male","litvin",-1.0,"m"
"benhadid","","ayache","benhadid ayache","u","benhadid","male","ayache",-0.13,"m"
"yamin","","ma","yamin ma","u","yamin","male","ma",-1.0,"m"
"leming","","cheng","leming cheng","u","leming","unknown","cheng",0.0,"u"
"zvezdelina","","stankova-frenkel","zvezdelina stankova-frenkel","f","zvezdelina","female","stankova-frenkel",1.0,"f"
"junkyun","","choi","junkyun choi","m","junkyun","female","choi",0.13,"f"
"giuliana","","bianchi","giuliana bianchi","f","giuliana","female","bianchi",1.0,"f"
"haim","","reingold","haim reingold","m","haim","male","reingold",-1.0,"m"
"gavin","","shaddick","gavin shaddick","m","gavin","male","shaddick",-1.0,"m"
"tack","wang","lee","tack wang lee","u","tack","unknown","lee",0.0,"u"
"angel","","dichev","angel dichev","m","angel","male","dichev",-1.0,"m"
"algimantas","","janusauskas","algimantas janusauskas","m","algimantas","male","janusauskas",-1.0,"m"
"ravi","","kumar","ravi kumar","m","ravi","male","kumar",-1.0,"m"
"henning","","petzka","henning petzka","m","henning","male","petzka",-1.0,"m"
"paul","","yang","paul yang","m","paul","male","yang",-0.99,"m"
"robert","","roe","robert roe","m","robert","male","roe",-1.0,"m"
"francis","","leahy","francis leahy","u","francis","male","leahy",-0.98,"m"
"yanwen","","shang","yanwen shang","m","yanwen","unknown","shang",0.0,"u"
"percy","","sanchez","percy sanchez","m","percy","male","sanchez",-0.69,"m"
"gregory","","white","gregory white","m","gregory","male","white",-1.0,"m"
